,game_id,competition_id,competition_type,season,round,date,home_club_id,away_club_id,home_club_goals,away_club_goals,aggregate,home_club_position,away_club_position,club_home_pretty_name,club_away_pretty_name,home_club_manager_name,away_club_manager_name,stadium,attendance,referee,url_x,pretty_name,type,sub_type,country_id,country_name,country_latitude,country_longitude,domestic_league_code,name,confederation,url_y,liga_new_id,month_year,match_name,match_name_df,homeTeamID,awayTeamID,home_name
402,2594827,ES1,domestic_league,2015,36. Matchday,2016-04-30,16795,472,3,2,3:2,16,10,Granada,Las Palmas,José González,Quique Setién,Nuevo Los Cármenes,21291,González González,https://www.transfermarkt.co.uk/granada-cf_ud-las-palmas/index/spielbericht/2594827,Laliga,domestic_league,first_tier,157,Spain,39.3260685,-4.8379791,ES1,laliga,europa,https://www.transfermarkt.co.uk/laliga/startseite/wettbewerb/ES1,4,2016-04,Granada vs Las Palmas,Atletico Madrid vs Rayo Vallecano,143.0,145.0,Atletico Madrid
412,2594814,ES1,domestic_league,2015,35. Matchday,2016-04-23,1533,897,1,1,1:1,12,14,Sd Eibar,Deportivo La Coruna,José Luis Mendilibar,Víctor Sánchez,Ipurua,4606,Eduardo Prieto Iglesias,https://www.transfermarkt.co.uk/sd-eibar_deportivo-de-la-coruna/index/spielbericht/2594814,Laliga,domestic_league,first_tier,157,Spain,39.3260685,-4.8379791,ES1,laliga,europa,https://www.transfermarkt.co.uk/laliga/startseite/wettbewerb/ES1,4,2016-04,Sd Eibar vs Deportivo La Coruna,,,,
418,2594801,ES1,domestic_league,2015,34. Matchday,2016-04-20,418,1050,3,0,3:0,3,4,Real Madrid,Fc Villarreal,Zinédine Zidane,Marcelino,Santiago Bernabéu,62085,Carlos Clos Gómez,https://www.transfermarkt.co.uk/real-madrid_villarreal-cf/index/spielbericht/2594801,Laliga,domestic_league,first_tier,157,Spain,39.3260685,-4.8379791,ES1,laliga,europa,https://www.transfermarkt.co.uk/laliga/startseite/wettbewerb/ES1,4,2016-04,Real Madrid vs Fc Villarreal,Valencia vs Eibar,146.0,156.0,Valencia
429,2594797,ES1,domestic_league,2015,33. Matchday,2016-04-16,940,150,1,1,1:1,6,14,Celta Vigo,Real Betis Sevilla,Eduardo Berizzo,Juan Merino,Abanca Balaídos,14934,De Burgos Bengoetxea,https://www.transfermarkt.co.uk/celta-de-vigo_real-betis-balompie/index/spielbericht/2594797,Laliga,domestic_league,first_tier,157,Spain,39.3260685,-4.8379791,ES1,laliga,europa,https://www.transfermarkt.co.uk/laliga/startseite/wettbewerb/ES1,4,2016-04,Celta Vigo vs Real Betis Sevilla,Getafe vs Real Madrid,142.0,150.0,Getafe
448,2594776,ES1,domestic_league,2015,31. Matchday,2016-04-02,940,897,1,1,1:1,5,11,Celta Vigo,Deportivo La Coruna,Eduardo Berizzo,Víctor Sánchez,Abanca Balaídos,21253,David Fernández Borbalán,https://www.transfermarkt.co.uk/celta-de-vigo_deportivo-de-la-coruna/index/spielbericht/2594776,Laliga,domestic_league,first_tier,157,Spain,39.3260685,-4.8379791,ES1,laliga,europa,https://www.transfermarkt.co.uk/laliga/startseite/wettbewerb/ES1,4,2016-04,Celta Vigo vs Deportivo La Coruna,Las Palmas vs Valencia,144.0,146.0,Las Palmas
458,2594768,ES1,domestic_league,2015,30. Matchday,2016-03-19,150,1084,0,1,0:1,14,8,Real Betis Sevilla,Fc Malaga,Juan Merino,Javi Gracia,Benito Villamarín,31371,Carlos Clos Gómez,https://www.transfermarkt.co.uk/real-betis-balompie_malaga-cf/index/spielbericht/2594768,Laliga,domestic_league,first_tier,157,Spain,39.3260685,-4.8379791,ES1,laliga,europa,https://www.transfermarkt.co.uk/laliga/startseite/wettbewerb/ES1,4,2016-03,Real Betis Sevilla vs Fc Malaga,,,,
459,2594787,ES1,domestic_league,2015,32. Matchday,2016-04-09,150,3368,1,0,1:0,14,20,Real Betis Sevilla,Ud Levante,Juan Merino,Rubi,Benito Villamarín,37091,Eduardo Prieto Iglesias,https://www.transfermarkt.co.uk/real-betis-balompie_levante-ud/index/spielbericht/2594787,Laliga,domestic_league,first_tier,157,Spain,39.3260685,-4.8379791,ES1,laliga,europa,https://www.transfermarkt.co.uk/laliga/startseite/wettbewerb/ES1,4,2016-04,Real Betis Sevilla vs Ud Levante,Real Madrid vs Eibar,150.0,156.0,Real Madrid
470,2594751,ES1,domestic_league,2015,29. Matchday,2016-03-12,367,1533,1,1,1:1,16,8,Rayo Vallecano,Sd Eibar,Paco Jémez,José Luis Mendilibar,Campo de Fútbol de Vallecas,10399,Álvarez Izquierdo,https://www.transfermarkt.co.uk/rayo-vallecano_sd-eibar/index/spielbericht/2594751,Laliga,domestic_league,first_tier,157,Spain,39.3260685,-4.8379791,ES1,laliga,europa,https://www.transfermarkt.co.uk/laliga/startseite/wettbewerb/ES1,4,2016-03,Rayo Vallecano vs Sd Eibar,,,,
484,2594747,ES1,domestic_league,2015,28. Matchday,2016-03-05,897,1084,3,3,3:3,13,12,Deportivo La Coruna,Fc Malaga,Víctor Sánchez,Javi Gracia,Abanca Riazor,18446,Carlos Velasco Carballo,https://www.transfermarkt.co.uk/deportivo-de-la-coruna_malaga-cf/index/spielbericht/2594747,Laliga,domestic_league,first_tier,157,Spain,39.3260685,-4.8379791,ES1,laliga,europa,https://www.transfermarkt.co.uk/laliga/startseite/wettbewerb/ES1,4,2016-03,Deportivo La Coruna vs Fc Malaga,Getafe vs Sevilla,142.0,138.0,Getafe
491,2594733,ES1,domestic_league,2015,27. Matchday,2016-03-01,472,3709,4,0,4:0,15,16,Las Palmas,Fc Getafe,Quique Setién,Fran Escribá,Estadio de Gran Canaria,15819,Mario Melero López,https://www.transfermarkt.co.uk/ud-las-palmas_getafe-cf/index/spielbericht/2594733,Laliga,domestic_league,first_tier,157,Spain,39.3260685,-4.8379791,ES1,laliga,europa,https://www.transfermarkt.co.uk/laliga/startseite/wettbewerb/ES1,4,2016-03,Las Palmas vs Fc Getafe,,,,
492,2594736,ES1,domestic_league,2015,27. Matchday,2016-03-01,13,681,3,0,3:0,2,10,Atletico Madrid,Real Sociedad,Diego Simeone,Eusebio,Vicente Calderón,29737,Alejandro Hernández Hernández,https://www.transfermarkt.co.uk/atletico-de-madrid_real-sociedad/index/spielbericht/2594736,Laliga,domestic_league,first_tier,157,Spain,39.3260685,-4.8379791,ES1,laliga,europa,https://www.transfermarkt.co.uk/laliga/startseite/wettbewerb/ES1,4,2016-03,Atletico Madrid vs Real Sociedad,,,,
499,2594731,ES1,domestic_league,2015,27. Matchday,2016-03-03,367,131,1,5,1:5,17,1,Rayo Vallecano,Fc Barcelona,Paco Jémez,Luis Enrique,Campo de Fútbol de Vallecas,13775,Iñaki Bikandi Garrido,https://www.transfermarkt.co.uk/rayo-vallecano_fc-barcelona/index/spielbericht/2594731,Laliga,domestic_league,first_tier,157,Spain,39.3260685,-4.8379791,ES1,laliga,europa,https://www.transfermarkt.co.uk/laliga/startseite/wettbewerb/ES1,4,2016-03,Rayo Vallecano vs Fc Barcelona,,,,
502,2594735,ES1,domestic_league,2015,27. Matchday,2016-03-02,3368,418,1,3,1:3,20,3,Ud Levante,Real Madrid,Rubi,Zinédine Zidane,Ciutat de València,19725,De Burgos Bengoetxea,https://www.transfermarkt.co.uk/levante-ud_real-madrid/index/spielbericht/2594735,Laliga,domestic_league,first_tier,157,Spain,39.3260685,-4.8379791,ES1,laliga,europa,https://www.transfermarkt.co.uk/laliga/startseite/wettbewerb/ES1,4,2016-03,Ud Levante vs Real Madrid,Sevilla vs Eibar,138.0,156.0,Sevilla
509,2594726,ES1,domestic_league,2015,26. Matchday,2016-02-27,681,1084,1,1,1:1,9,11,Real Sociedad,Fc Malaga,Eusebio,Javi Gracia,Anoeta,12783,Undiano Mallenco,https://www.transfermarkt.co.uk/real-sociedad_malaga-cf/index/spielbericht/2594726,Laliga,domestic_league,first_tier,157,Spain,39.3260685,-4.8379791,ES1,laliga,europa,https://www.transfermarkt.co.uk/laliga/startseite/wettbewerb/ES1,4,2016-02,Real Sociedad vs Fc Malaga,,,,
518,2594709,ES1,domestic_league,2015,24. Matchday,2016-02-13,897,150,2,2,2:2,9,14,Deportivo La Coruna,Real Betis Sevilla,Víctor Sánchez,Juan Merino,Abanca Riazor,17184,Undiano Mallenco,https://www.transfermarkt.co.uk/deportivo-de-la-coruna_real-betis-balompie/index/spielbericht/2594709,Laliga,domestic_league,first_tier,157,Spain,39.3260685,-4.8379791,ES1,laliga,europa,https://www.transfermarkt.co.uk/laliga/startseite/wettbewerb/ES1,4,2016-02,Deportivo La Coruna vs Real Betis Sevilla,Villarreal vs Malaga,154.0,137.0,Villarreal
528,2594700,ES1,domestic_league,2015,23. Matchday,2016-02-06,2448,897,1,1,1:1,16,9,Sporting Gijon,Deportivo La Coruna,Abelardo,Víctor Sánchez,El Molinón - Enrique Castro Quini,20703,Alejandro Hernández Hernández,https://www.transfermarkt.co.uk/sporting-gijon_deportivo-de-la-coruna/index/spielbericht/2594700,Laliga,domestic_league,first_tier,157,Spain,39.3260685,-4.8379791,ES1,laliga,europa,https://www.transfermarkt.co.uk/laliga/startseite/wettbewerb/ES1,4,2016-02,Sporting Gijon vs Deportivo La Coruna,Atletico Madrid vs Eibar,143.0,156.0,Atletico Madrid
538,2594688,ES1,domestic_league,2015,22. Matchday,2016-01-30,681,150,2,1,2:1,13,14,Real Sociedad,Real Betis Sevilla,Eusebio,Juan Merino,Anoeta,15877,Eduardo Prieto Iglesias,https://www.transfermarkt.co.uk/real-sociedad_real-betis-balompie/index/spielbericht/2594688,Laliga,domestic_league,first_tier,157,Spain,39.3260685,-4.8379791,ES1,laliga,europa,https://www.transfermarkt.co.uk/laliga/startseite/wettbewerb/ES1,4,2016-01,Real Sociedad vs Real Betis Sevilla,Eibar vs Malaga,156.0,137.0,Eibar
549,2594671,ES1,domestic_league,2015,21. Matchday,2016-01-23,367,940,3,0,3:0,17,5,Rayo Vallecano,Celta Vigo,Paco Jémez,Eduardo Berizzo,Campo de Fútbol de Vallecas,10507,Santiago Jaime Latre,https://www.transfermarkt.co.uk/rayo-vallecano_celta-de-vigo/index/spielbericht/2594671,Laliga,domestic_league,first_tier,157,Spain,39.3260685,-4.8379791,ES1,laliga,europa,https://www.transfermarkt.co.uk/laliga/startseite/wettbewerb/ES1,4,2016-01,Rayo Vallecano vs Celta Vigo,Granada vs Getafe,155.0,142.0,Granada
559,2594666,ES1,domestic_league,2015,20. Matchday,2016-01-16,681,897,1,1,1:1,13,8,Real Sociedad,Deportivo La Coruna,Eusebio,Víctor Sánchez,Anoeta,16783,Juan Martínez Munuera,https://www.transfermarkt.co.uk/real-sociedad_deportivo-de-la-coruna/index/spielbericht/2594666,Laliga,domestic_league,first_tier,157,Spain,39.3260685,-4.8379791,ES1,laliga,europa,https://www.transfermarkt.co.uk/laliga/startseite/wettbewerb/ES1,4,2016-01,Real Sociedad vs Deportivo La Coruna,Sevilla vs Malaga,138.0,137.0,Sevilla
568,2594660,ES1,domestic_league,2015,19. Matchday,2016-01-09,3368,367,2,1,2:1,20,19,Ud Levante,Rayo Vallecano,Rubi,Paco Jémez,Ciutat de València,10589,Mario Melero López,https://www.transfermarkt.co.uk/levante-ud_rayo-vallecano/index/spielbericht/2594660,Laliga,domestic_league,first_tier,157,Spain,39.3260685,-4.8379791,ES1,laliga,europa,https://www.transfermarkt.co.uk/laliga/startseite/wettbewerb/ES1,4,2016-01,Ud Levante vs Rayo Vallecano,,,,
573,2594713,ES1,domestic_league,2015,25. Matchday,2016-02-20,940,1533,3,2,3:2,6,7,Celta Vigo,Sd Eibar,Eduardo Berizzo,José Luis Mendilibar,Abanca Balaídos,14724,Mario Melero López,https://www.transfermarkt.co.uk/celta-de-vigo_sd-eibar/index/spielbericht/2594713,Laliga,domestic_league,first_tier,157,Spain,39.3260685,-4.8379791,ES1,laliga,europa,https://www.transfermarkt.co.uk/laliga/startseite/wettbewerb/ES1,4,2016-02,Celta Vigo vs Sd Eibar,,,,
580,2594649,ES1,domestic_league,2015,18. Matchday,2016-01-02,1084,940,2,0,2:0,11,5,Fc Malaga,Celta Vigo,Javi Gracia,Eduardo Berizzo,La Rosaleda,17365,Iñaki Bikandi Garrido,https://www.transfermarkt.co.uk/malaga-cf_celta-de-vigo/index/spielbericht/2594649,Laliga,domestic_league,first_tier,157,Spain,39.3260685,-4.8379791,ES1,laliga,europa,https://www.transfermarkt.co.uk/laliga/startseite/wettbewerb/ES1,4,2016-01,Fc Malaga vs Celta Vigo,,,,
584,2594637,ES1,domestic_league,2015,17. Matchday,2015-12-30,472,16795,4,1,4:1,16,18,Las Palmas,Granada,Quique Setién,José Ramón Sandoval,Estadio de Gran Canaria,18973,Santiago Jaime Latre,https://www.transfermarkt.co.uk/ud-las-palmas_granada-cf/index/spielbericht/2594637,Laliga,domestic_league,first_tier,157,Spain,39.3260685,-4.8379791,ES1,laliga,europa,https://www.transfermarkt.co.uk/laliga/startseite/wettbewerb/ES1,4,2015-12,Las Palmas vs Granada,Rayo Vallecano vs Atletico Madrid,145.0,143.0,Rayo Vallecano
600,2594624,ES1,domestic_league,2015,16. Matchday,2015-12-19,897,1533,2,0,2:0,6,10,Deportivo La Coruna,Sd Eibar,Víctor Sánchez,José Luis Mendilibar,Abanca Riazor,19281,Estrada Fernández,https://www.transfermarkt.co.uk/deportivo-de-la-coruna_sd-eibar/index/spielbericht/2594624,Laliga,domestic_league,first_tier,157,Spain,39.3260685,-4.8379791,ES1,laliga,europa,https://www.transfermarkt.co.uk/laliga/startseite/wettbewerb/ES1,4,2015-12,Deportivo La Coruna vs Sd Eibar,Valencia vs Getafe,146.0,142.0,Valencia
608,2594616,ES1,domestic_league,2015,15. Matchday,2015-12-12,472,150,1,0,1:0,19,11,Las Palmas,Real Betis Sevilla,Quique Setién,Pepe Mel,Estadio de Gran Canaria,16762,Jesús Gil Manzano,https://www.transfermarkt.co.uk/ud-las-palmas_real-betis-balompie/index/spielbericht/2594616,Laliga,domestic_league,first_tier,157,Spain,39.3260685,-4.8379791,ES1,laliga,europa,https://www.transfermarkt.co.uk/laliga/startseite/wettbewerb/ES1,4,2015-12,Las Palmas vs Real Betis Sevilla,Levante vs Granada,151.0,155.0,Levante
618,2594607,ES1,domestic_league,2015,14. Matchday,2015-12-05,150,940,1,1,1:1,11,4,Real Betis Sevilla,Celta Vigo,Pepe Mel,Eduardo Berizzo,Benito Villamarín,33762,Alejandro Hernández Hernández,https://www.transfermarkt.co.uk/real-betis-balompie_celta-de-vigo/index/spielbericht/2594607,Laliga,domestic_league,first_tier,157,Spain,39.3260685,-4.8379791,ES1,laliga,europa,https://www.transfermarkt.co.uk/laliga/startseite/wettbewerb/ES1,4,2015-12,Real Betis Sevilla vs Celta Vigo,Real Madrid vs Getafe,150.0,142.0,Real Madrid
621,2594605,ES1,domestic_league,2015,14. Matchday,2015-12-05,897,368,1,1,1:1,6,10,Deportivo La Coruna,Fc Sevilla,Víctor Sánchez,Unai Emery,Abanca Riazor,25013,De Burgos Bengoetxea,https://www.transfermarkt.co.uk/deportivo-de-la-coruna_sevilla-fc/index/spielbericht/2594605,Laliga,domestic_league,first_tier,157,Spain,39.3260685,-4.8379791,ES1,laliga,europa,https://www.transfermarkt.co.uk/laliga/startseite/wettbewerb/ES1,4,2015-12,Deportivo La Coruna vs Fc Sevilla,Real Madrid vs Getafe,150.0,142.0,Real Madrid
627,2594596,ES1,domestic_league,2015,13. Matchday,2015-11-28,940,2448,2,1,2:1,4,16,Celta Vigo,Sporting Gijon,Eduardo Berizzo,Abelardo,Abanca Balaídos,18039,Santiago Jaime Latre,https://www.transfermarkt.co.uk/celta-de-vigo_sporting-gijon/index/spielbericht/2594596,Laliga,domestic_league,first_tier,157,Spain,39.3260685,-4.8379791,ES1,laliga,europa,https://www.transfermarkt.co.uk/laliga/startseite/wettbewerb/ES1,4,2015-11,Celta Vigo vs Sporting Gijon,Malaga vs Granada,137.0,155.0,Malaga
628,2594595,ES1,domestic_league,2015,13. Matchday,2015-11-28,472,897,0,2,0:2,19,5,Las Palmas,Deportivo La Coruna,Quique Setién,Víctor Sánchez,Estadio de Gran Canaria,19148,Carlos Clos Gómez,https://www.transfermarkt.co.uk/ud-las-palmas_deportivo-de-la-coruna/index/spielbericht/2594595,Laliga,domestic_league,first_tier,157,Spain,39.3260685,-4.8379791,ES1,laliga,europa,https://www.transfermarkt.co.uk/laliga/startseite/wettbewerb/ES1,4,2015-11,Las Palmas vs Deportivo La Coruna,Malaga vs Granada,137.0,155.0,Malaga
639,2594585,ES1,domestic_league,2015,12. Matchday,2015-11-21,1049,472,1,1,1:1,7,18,Fc Valencia,Las Palmas,Nuno Espírito Santo,Quique Setién,Mestalla,32078,Pedro Jesús Pérez Montero,https://www.transfermarkt.co.uk/valencia-cf_ud-las-palmas/index/spielbericht/2594585,Laliga,domestic_league,first_tier,157,Spain,39.3260685,-4.8379791,ES1,laliga,europa,https://www.transfermarkt.co.uk/laliga/startseite/wettbewerb/ES1,4,2015-11,Fc Valencia vs Las Palmas,,,,
642,2594586,ES1,domestic_league,2015,12. Matchday,2015-11-21,897,940,2,0,2:0,8,5,Deportivo La Coruna,Celta Vigo,Víctor Sánchez,Eduardo Berizzo,Abanca Riazor,29666,Álvarez Izquierdo,https://www.transfermarkt.co.uk/deportivo-de-la-coruna_celta-de-vigo/index/spielbericht/2594586,Laliga,domestic_league,first_tier,157,Spain,39.3260685,-4.8379791,ES1,laliga,europa,https://www.transfermarkt.co.uk/laliga/startseite/wettbewerb/ES1,4,2015-11,Deportivo La Coruna vs Celta Vigo,Espanyol vs Malaga,141.0,137.0,Espanyol
647,2594578,ES1,domestic_league,2015,11. Matchday,2015-11-07,1084,150,0,1,0:1,17,11,Fc Malaga,Real Betis Sevilla,Javi Gracia,Pepe Mel,La Rosaleda,23803,Eduardo Prieto Iglesias,https://www.transfermarkt.co.uk/malaga-cf_real-betis-balompie/index/spielbericht/2594578,Laliga,domestic_league,first_tier,157,Spain,39.3260685,-4.8379791,ES1,laliga,europa,https://www.transfermarkt.co.uk/laliga/startseite/wettbewerb/ES1,4,2015-11,Fc Malaga vs Real Betis Sevilla,Eibar vs Getafe,156.0,142.0,Eibar
662,2594565,ES1,domestic_league,2015,10. Matchday,2015-10-31,681,940,2,3,2:3,16,3,Real Sociedad,Celta Vigo,David Moyes,Eduardo Berizzo,Anoeta,19270,David Fernández Borbalán,https://www.transfermarkt.co.uk/real-sociedad_celta-de-vigo/index/spielbericht/2594565,Laliga,domestic_league,first_tier,157,Spain,39.3260685,-4.8379791,ES1,laliga,europa,https://www.transfermarkt.co.uk/laliga/startseite/wettbewerb/ES1,4,2015-10,Real Sociedad vs Celta Vigo,,,,
668,2594557,ES1,domestic_league,2015,9. Matchday,2015-10-24,1084,897,2,0,2:0,16,6,Fc Malaga,Deportivo La Coruna,Javi Gracia,Víctor Sánchez,La Rosaleda,20664,Carlos Velasco Carballo,https://www.transfermarkt.co.uk/malaga-cf_deportivo-de-la-coruna/index/spielbericht/2594557,Laliga,domestic_league,first_tier,157,Spain,39.3260685,-4.8379791,ES1,laliga,europa,https://www.transfermarkt.co.uk/laliga/startseite/wettbewerb/ES1,4,2015-10,Fc Malaga vs Deportivo La Coruna,Granada vs Real Betis,155.0,153.0,Granada
679,2594547,ES1,domestic_league,2015,8. Matchday,2015-10-17,1049,1084,3,0,3:0,8,17,Fc Valencia,Fc Malaga,Nuno Espírito Santo,Javi Gracia,Mestalla,35756,Alejandro Hernández Hernández,https://www.transfermarkt.co.uk/valencia-cf_malaga-cf/index/spielbericht/2594547,Laliga,domestic_league,first_tier,157,Spain,39.3260685,-4.8379791,ES1,laliga,europa,https://www.transfermarkt.co.uk/laliga/startseite/wettbewerb/ES1,4,2015-10,Fc Valencia vs Fc Malaga,Eibar vs Sevilla,156.0,138.0,Eibar
687,2594536,ES1,domestic_league,2015,7. Matchday,2015-10-03,1084,681,3,1,3:1,17,16,Fc Malaga,Real Sociedad,Javi Gracia,David Moyes,La Rosaleda,17175,Carlos del Cerro Grande,https://www.transfermarkt.co.uk/malaga-cf_real-sociedad/index/spielbericht/2594536,Laliga,domestic_league,first_tier,157,Spain,39.3260685,-4.8379791,ES1,laliga,europa,https://www.transfermarkt.co.uk/laliga/startseite/wettbewerb/ES1,4,2015-10,Fc Malaga vs Real Sociedad,,,,
688,2594532,ES1,domestic_league,2015,7. Matchday,2015-10-03,472,1533,0,2,0:2,19,7,Las Palmas,Sd Eibar,Paco Herrera,José Luis Mendilibar,Estadio de Gran Canaria,18577,Mateu Lahoz,https://www.transfermarkt.co.uk/ud-las-palmas_sd-eibar/index/spielbericht/2594532,Laliga,domestic_league,first_tier,157,Spain,39.3260685,-4.8379791,ES1,laliga,europa,https://www.transfermarkt.co.uk/laliga/startseite/wettbewerb/ES1,4,2015-10,Las Palmas vs Sd Eibar,,,,
697,2594523,ES1,domestic_league,2015,6. Matchday,2015-09-26,1533,940,1,1,1:1,7,4,Sd Eibar,Celta Vigo,José Luis Mendilibar,Eduardo Berizzo,Ipurua,4862,Pedro Jesús Pérez Montero,https://www.transfermarkt.co.uk/sd-eibar_celta-de-vigo/index/spielbericht/2594523,Laliga,domestic_league,first_tier,157,Spain,39.3260685,-4.8379791,ES1,laliga,europa,https://www.transfermarkt.co.uk/laliga/startseite/wettbewerb/ES1,4,2015-09,Sd Eibar vs Celta Vigo,,,,
705,2594511,ES1,domestic_league,2015,5. Matchday,2015-09-23,472,368,2,0,2:0,12,20,Las Palmas,Fc Sevilla,Paco Herrera,Unai Emery,Estadio de Gran Canaria,19733,Carlos del Cerro Grande,https://www.transfermarkt.co.uk/ud-las-palmas_sevilla-fc/index/spielbericht/2594511,Laliga,domestic_league,first_tier,157,Spain,39.3260685,-4.8379791,ES1,laliga,europa,https://www.transfermarkt.co.uk/laliga/startseite/wettbewerb/ES1,4,2015-09,Las Palmas vs Fc Sevilla,Levante vs Eibar,151.0,156.0,Levante
710,2594517,ES1,domestic_league,2015,5. Matchday,2015-09-22,16795,681,0,3,0:3,18,11,Granada,Real Sociedad,José Ramón Sandoval,David Moyes,Nuevo Los Cármenes,12668,Estrada Fernández,https://www.transfermarkt.co.uk/granada-cf_real-sociedad/index/spielbericht/2594517,Laliga,domestic_league,first_tier,157,Spain,39.3260685,-4.8379791,ES1,laliga,europa,https://www.transfermarkt.co.uk/laliga/startseite/wettbewerb/ES1,4,2015-09,Granada vs Real Sociedad,,,,
718,2594508,ES1,domestic_league,2015,4. Matchday,2015-09-19,681,714,2,3,2:3,17,8,Real Sociedad,Espanyol Barcelona,David Moyes,Sergio,Anoeta,17481,Pedro Jesús Pérez Montero,https://www.transfermarkt.co.uk/real-sociedad_rcd-espanyol-barcelona/index/spielbericht/2594508,Laliga,domestic_league,first_tier,157,Spain,39.3260685,-4.8379791,ES1,laliga,europa,https://www.transfermarkt.co.uk/laliga/startseite/wettbewerb/ES1,4,2015-09,Real Sociedad vs Espanyol Barcelona,Real Madrid vs Granada,150.0,155.0,Real Madrid
728,2594498,ES1,domestic_league,2015,3. Matchday,2015-09-12,150,681,1,0,1:0,9,15,Real Betis Sevilla,Real Sociedad,Pepe Mel,David Moyes,Benito Villamarín,38768,Álvarez Izquierdo,https://www.transfermarkt.co.uk/real-betis-balompie_real-sociedad/index/spielbericht/2594498,Laliga,domestic_league,first_tier,157,Spain,39.3260685,-4.8379791,ES1,laliga,europa,https://www.transfermarkt.co.uk/laliga/startseite/wettbewerb/ES1,4,2015-09,Real Betis Sevilla vs Real Sociedad,Espanyol vs Real Madrid,141.0,150.0,Espanyol
733,2594486,ES1,domestic_league,2015,2. Matchday,2015-08-30,3709,16795,1,2,1:2,19,7,Fc Getafe,Granada,Fran Escribá,José Ramón Sandoval,Coliseum Alfonso Pérez,4532,Eduardo Prieto Iglesias,https://www.transfermarkt.co.uk/getafe-cf_granada-cf/index/spielbericht/2594486,Laliga,domestic_league,first_tier,157,Spain,39.3260685,-4.8379791,ES1,laliga,europa,https://www.transfermarkt.co.uk/laliga/startseite/wettbewerb/ES1,4,2015-08,Fc Getafe vs Granada,Valencia vs Deportivo La Coruna,146.0,139.0,Valencia
734,2594482,ES1,domestic_league,2015,2. Matchday,2015-08-30,472,3368,0,0,0:0,14,13,Las Palmas,Ud Levante,Paco Herrera,Lucas Alcaraz,Estadio de Gran Canaria,18832,Pedro Jesús Pérez Montero,https://www.transfermarkt.co.uk/ud-las-palmas_levante-ud/index/spielbericht/2594482,Laliga,domestic_league,first_tier,157,Spain,39.3260685,-4.8379791,ES1,laliga,europa,https://www.transfermarkt.co.uk/laliga/startseite/wettbewerb/ES1,4,2015-08,Las Palmas vs Ud Levante,,,,
739,2594481,ES1,domestic_league,2015,2. Matchday,2015-08-29,940,367,3,0,3:0,1,16,Celta Vigo,Rayo Vallecano,Eduardo Berizzo,Paco Jémez,Abanca Balaídos,16344,Juan Martínez Munuera,https://www.transfermarkt.co.uk/celta-de-vigo_rayo-vallecano/index/spielbericht/2594481,Laliga,domestic_league,first_tier,157,Spain,39.3260685,-4.8379791,ES1,laliga,europa,https://www.transfermarkt.co.uk/laliga/startseite/wettbewerb/ES1,4,2015-08,Celta Vigo vs Rayo Vallecano,,,,
740,2594515,ES1,domestic_league,2015,5. Matchday,2015-09-23,1084,1050,0,1,0:1,19,3,Fc Malaga,Fc Villarreal,Javi Gracia,Marcelino,La Rosaleda,18647,De Burgos Bengoetxea,https://www.transfermarkt.co.uk/malaga-cf_villarreal-cf/index/spielbericht/2594515,Laliga,domestic_league,first_tier,157,Spain,39.3260685,-4.8379791,ES1,laliga,europa,https://www.transfermarkt.co.uk/laliga/startseite/wettbewerb/ES1,4,2015-09,Fc Malaga vs Fc Villarreal,Levante vs Eibar,151.0,156.0,Levante
744,2594478,ES1,domestic_league,2015,1. Matchday,2015-08-23,150,1050,1,1,1:1,6,7,Real Betis Sevilla,Fc Villarreal,Pepe Mel,Marcelino,Benito Villamarín,38572,Iñaki Bikandi Garrido,https://www.transfermarkt.co.uk/real-betis-balompie_villarreal-cf/index/spielbericht/2594478,Laliga,domestic_league,first_tier,157,Spain,39.3260685,-4.8379791,ES1,laliga,europa,https://www.transfermarkt.co.uk/laliga/startseite/wettbewerb/ES1,4,2015-08,Real Betis Sevilla vs Fc Villarreal,,,,
745,2594474,ES1,domestic_league,2015,1. Matchday,2015-08-23,3368,940,1,2,1:2,16,2,Ud Levante,Celta Vigo,Lucas Alcaraz,Eduardo Berizzo,Ciutat de València,10346,De Burgos Bengoetxea,https://www.transfermarkt.co.uk/levante-ud_celta-de-vigo/index/spielbericht/2594474,Laliga,domestic_league,first_tier,157,Spain,39.3260685,-4.8379791,ES1,laliga,europa,https://www.transfermarkt.co.uk/laliga/startseite/wettbewerb/ES1,4,2015-08,Ud Levante vs Celta Vigo,,,,
746,2594550,ES1,domestic_league,2015,8. Matchday,2015-10-17,150,714,1,3,1:3,10,9,Real Betis Sevilla,Espanyol Barcelona,Pepe Mel,Sergio,Benito Villamarín,31652,De Burgos Bengoetxea,https://www.transfermarkt.co.uk/real-betis-balompie_rcd-espanyol-barcelona/index/spielbericht/2594550,Laliga,domestic_league,first_tier,157,Spain,39.3260685,-4.8379791,ES1,laliga,europa,https://www.transfermarkt.co.uk/laliga/startseite/wettbewerb/ES1,4,2015-10,Real Betis Sevilla vs Espanyol Barcelona,Real Madrid vs Levante,150.0,151.0,Real Madrid
748,2594473,ES1,domestic_league,2015,1. Matchday,2015-08-22,367,1049,0,0,0:0,8,13,Rayo Vallecano,Fc Valencia,Paco Jémez,Nuno Espírito Santo,Campo de Fútbol de Vallecas,9442,Undiano Mallenco,https://www.transfermarkt.co.uk/rayo-vallecano_valencia-cf/index/spielbericht/2594473,Laliga,domestic_league,first_tier,157,Spain,39.3260685,-4.8379791,ES1,laliga,europa,https://www.transfermarkt.co.uk/laliga/startseite/wettbewerb/ES1,4,2015-08,Rayo Vallecano vs Fc Valencia,Espanyol vs Getafe,141.0,142.0,Espanyol
753,2594519,ES1,domestic_league,2015,5. Matchday,2015-09-24,150,897,1,2,1:2,14,7,Real Betis Sevilla,Deportivo La Coruna,Pepe Mel,Víctor Sánchez,Benito Villamarín,37051,Jesús Gil Manzano,https://www.transfermarkt.co.uk/real-betis-balompie_deportivo-de-la-coruna/index/spielbericht/2594519,Laliga,domestic_league,first_tier,157,Spain,39.3260685,-4.8379791,ES1,laliga,europa,https://www.transfermarkt.co.uk/laliga/startseite/wettbewerb/ES1,4,2015-09,Real Betis Sevilla vs Deportivo La Coruna,Malaga vs Villarreal,137.0,154.0,Malaga
756,2594488,ES1,domestic_league,2015,2. Matchday,2015-08-29,418,150,5,0,5:0,5,18,Real Madrid,Real Betis Sevilla,Rafael Benítez,Pepe Mel,Santiago Bernabéu,65958,Alejandro Hernández Hernández,https://www.transfermarkt.co.uk/real-madrid_real-betis-balompie/index/spielbericht/2594488,Laliga,domestic_league,first_tier,157,Spain,39.3260685,-4.8379791,ES1,laliga,europa,https://www.transfermarkt.co.uk/laliga/startseite/wettbewerb/ES1,4,2015-08,Real Madrid vs Real Betis Sevilla,Barcelona vs Malaga,148.0,137.0,Barcelona
1084,2718754,ES1,domestic_league,2016,5. Matchday,2016-09-22,1049,1108,2,1,2:1,18,12,Fc Valencia,Deportivo Alaves,Voro,Mauricio Pellegrino,Mestalla,32285,Santiago Jaime Latre,https://www.transfermarkt.co.uk/valencia-cf_deportivo-alaves/index/spielbericht/2718754,Laliga,domestic_league,first_tier,157,Spain,39.3260685,-4.8379791,ES1,laliga,europa,https://www.transfermarkt.co.uk/laliga/startseite/wettbewerb/ES1,4,2016-09,Fc Valencia vs Deportivo Alaves,Osasuna vs Espanyol,157.0,141.0,Osasuna
1087,2718756,ES1,domestic_league,2016,5. Matchday,2016-09-21,131,13,1,1,1:1,3,4,Fc Barcelona,Atletico Madrid,Luis Enrique,Diego Simeone,Spotify Camp Nou,89421,David Fernández Borbalán,https://www.transfermarkt.co.uk/fc-barcelona_atletico-de-madrid/index/spielbericht/2718756,Laliga,domestic_league,first_tier,157,Spain,39.3260685,-4.8379791,ES1,laliga,europa,https://www.transfermarkt.co.uk/laliga/startseite/wettbewerb/ES1,4,2016-09,Fc Barcelona vs Atletico Madrid,,,,
1088,2718753,ES1,domestic_league,2016,5. Matchday,2016-09-21,16795,621,1,2,1:2,19,7,Granada,Athletic Bilbao,Paco Jémez,Ernesto Valverde,Nuevo Los Cármenes,14603,Juan Martínez Munuera,https://www.transfermarkt.co.uk/granada-cf_athletic-bilbao/index/spielbericht/2718753,Laliga,domestic_league,first_tier,157,Spain,39.3260685,-4.8379791,ES1,laliga,europa,https://www.transfermarkt.co.uk/laliga/startseite/wettbewerb/ES1,4,2016-09,Granada vs Athletic Bilbao,,,,
1089,2718750,ES1,domestic_league,2016,5. Matchday,2016-09-21,681,472,4,1,4:1,8,5,Real Sociedad,Las Palmas,Eusebio,Quique Setién,Anoeta,10974,José Luis Munuera Montero,https://www.transfermarkt.co.uk/real-sociedad_ud-las-palmas/index/spielbericht/2718750,Laliga,domestic_league,first_tier,157,Spain,39.3260685,-4.8379791,ES1,laliga,europa,https://www.transfermarkt.co.uk/laliga/startseite/wettbewerb/ES1,4,2016-09,Real Sociedad vs Las Palmas,,,,
1092,2718752,ES1,domestic_league,2016,5. Matchday,2016-09-20,368,150,1,0,1:0,2,16,Fc Sevilla,Real Betis Sevilla,Jorge Sampaoli,Gustavo Poyet,Ramón Sánchez-Pizjuán,39849,Estrada Fernández,https://www.transfermarkt.co.uk/sevilla-fc_real-betis-balompie/index/spielbericht/2718752,Laliga,domestic_league,first_tier,157,Spain,39.3260685,-4.8379791,ES1,laliga,europa,https://www.transfermarkt.co.uk/laliga/startseite/wettbewerb/ES1,4,2016-09,Fc Sevilla vs Real Betis Sevilla,Malaga vs Eibar,137.0,156.0,Malaga
1113,2718721,ES1,domestic_league,2016,2. Matchday,2016-08-28,1050,368,0,0,0:0,12,4,Fc Villarreal,Fc Sevilla,Fran Escribá,Jorge Sampaoli,La Cerámica,17530,Carlos del Cerro Grande,https://www.transfermarkt.co.uk/villarreal-cf_sevilla-fc/index/spielbericht/2718721,Laliga,domestic_league,first_tier,157,Spain,39.3260685,-4.8379791,ES1,laliga,europa,https://www.transfermarkt.co.uk/laliga/startseite/wettbewerb/ES1,4,2016-08,Fc Villarreal vs Fc Sevilla,,,,
1117,2718727,ES1,domestic_league,2016,2. Matchday,2016-08-27,1244,13,0,0,0:0,7,11,Cd Leganes,Atletico Madrid,Asier Garitano,Diego Simeone,Municipal de Butarque,10958,José María Sánchez Martínez,https://www.transfermarkt.co.uk/cd-leganes_atletico-de-madrid/index/spielbericht/2718727,Laliga,domestic_league,first_tier,157,Spain,39.3260685,-4.8379791,ES1,laliga,europa,https://www.transfermarkt.co.uk/laliga/startseite/wettbewerb/ES1,4,2016-08,Cd Leganes vs Atletico Madrid,Espanyol vs Malaga,141.0,137.0,Espanyol
1121,2718720,ES1,domestic_league,2016,2. Matchday,2016-08-26,714,1084,2,2,2:2,14,10,Espanyol Barcelona,Fc Malaga,Quique Sánchez Flores,Juande Ramos,RCDE Stadium,17725,Jesús Gil Manzano,https://www.transfermarkt.co.uk/rcd-espanyol-barcelona_malaga-cf/index/spielbericht/2718720,Laliga,domestic_league,first_tier,157,Spain,39.3260685,-4.8379791,ES1,laliga,europa,https://www.transfermarkt.co.uk/laliga/startseite/wettbewerb/ES1,4,2016-08,Espanyol Barcelona vs Fc Malaga,,,,
1123,2718713,ES1,domestic_league,2016,1. Matchday,2016-08-22,1049,472,2,4,2:4,18,4,Fc Valencia,Las Palmas,Pako Ayestarán,Quique Setién,Mestalla,37144,Iñaki Bikandi Garrido,https://www.transfermarkt.co.uk/valencia-cf_ud-las-palmas/index/spielbericht/2718713,Laliga,domestic_league,first_tier,157,Spain,39.3260685,-4.8379791,ES1,laliga,europa,https://www.transfermarkt.co.uk/laliga/startseite/wettbewerb/ES1,4,2016-08,Fc Valencia vs Las Palmas,,,,
1125,2718709,ES1,domestic_league,2016,1. Matchday,2016-08-21,13,1108,1,1,1:1,8,12,Atletico Madrid,Deportivo Alaves,Diego Simeone,Mauricio Pellegrino,Vicente Calderón,36421,Iglesias Villanueva,https://www.transfermarkt.co.uk/atletico-de-madrid_deportivo-alaves/index/spielbericht/2718709,Laliga,domestic_league,first_tier,157,Spain,39.3260685,-4.8379791,ES1,laliga,europa,https://www.transfermarkt.co.uk/laliga/startseite/wettbewerb/ES1,4,2016-08,Atletico Madrid vs Deportivo Alaves,Sevilla vs Espanyol,138.0,141.0,Sevilla
1132,2718712,ES1,domestic_league,2016,1. Matchday,2016-08-19,897,1533,2,1,2:1,5,15,Deportivo La Coruna,Sd Eibar,Gaizka Garitano,José Luis Mendilibar,Abanca Riazor,21441,Mario Melero López,https://www.transfermarkt.co.uk/deportivo-de-la-coruna_sd-eibar/index/spielbericht/2718712,Laliga,domestic_league,first_tier,157,Spain,39.3260685,-4.8379791,ES1,laliga,europa,https://www.transfermarkt.co.uk/laliga/startseite/wettbewerb/ES1,4,2016-08,Deportivo La Coruna vs Sd Eibar,Malaga vs Osasuna,137.0,157.0,Malaga
1134,2718715,ES1,domestic_league,2016,1. Matchday,2016-08-20,368,714,6,4,6:4,3,17,Fc Sevilla,Espanyol Barcelona,Jorge Sampaoli,Quique Sánchez Flores,Ramón Sánchez-Pizjuán,29339,González González,https://www.transfermarkt.co.uk/sevilla-fc_rcd-espanyol-barcelona/index/spielbericht/2718715,Laliga,domestic_league,first_tier,157,Spain,39.3260685,-4.8379791,ES1,laliga,europa,https://www.transfermarkt.co.uk/laliga/startseite/wettbewerb/ES1,4,2016-08,Fc Sevilla vs Espanyol Barcelona,Granada vs Villarreal,155.0,154.0,Granada
1427,2899638,ES1,domestic_league,2017,9. Matchday,2017-10-22,940,13,0,1,0:1,10,4,Celta Vigo,Atletico Madrid,Juan Carlos Unzué,Diego Simeone,Abanca Balaídos,12978,José Luis Munuera Montero,https://www.transfermarkt.co.uk/celta-de-vigo_atletico-de-madrid/index/spielbericht/2899638,Laliga,domestic_league,first_tier,157,Spain,39.3260685,-4.8379791,ES1,laliga,europa,https://www.transfermarkt.co.uk/laliga/startseite/wettbewerb/ES1,4,2017-10,Celta Vigo vs Atletico Madrid,,,,
1451,2899665,ES1,domestic_league,2017,11. Matchday,2017-11-04,131,368,2,1,2:1,1,6,Fc Barcelona,Fc Sevilla,Ernesto Valverde,Eduardo Berizzo,Spotify Camp Nou,70723,González González,https://www.transfermarkt.co.uk/fc-barcelona_sevilla-fc/index/spielbericht/2899665,Laliga,domestic_league,first_tier,157,Spain,39.3260685,-4.8379791,ES1,laliga,europa,https://www.transfermarkt.co.uk/laliga/startseite/wettbewerb/ES1,4,2017-11,Fc Barcelona vs Fc Sevilla,,,,
1512,2899581,ES1,domestic_league,2017,4. Matchday,2017-09-15,1533,1244,1,0,1:0,13,10,Sd Eibar,Cd Leganes,José Luis Mendilibar,Asier Garitano,Ipurua,4967,Juan Martínez Munuera,https://www.transfermarkt.co.uk/sd-eibar_cd-leganes/index/spielbericht/2899581,Laliga,domestic_league,first_tier,157,Spain,39.3260685,-4.8379791,ES1,laliga,europa,https://www.transfermarkt.co.uk/laliga/startseite/wettbewerb/ES1,4,2017-09,Sd Eibar vs Cd Leganes,,,,
5275,2578162,GB1,domestic_league,2015,28. Matchday,2016-03-02,985,1010,1,0,1:0,5,12,Manchester United,Fc Watford,Louis van Gaal,Quique Sánchez Flores,Old Trafford,75272,Mike Jones,https://www.transfermarkt.co.uk/manchester-united_watford-fc/index/spielbericht/2578162,Premier League,domestic_league,first_tier,189,England,52.5310214,-1.2649062,GB1,premier-league,europa,https://www.transfermarkt.co.uk/premier-league/startseite/wettbewerb/GB1,1,2016-03,Manchester United vs Fc Watford,Arsenal vs Swansea,83.0,84.0,Arsenal
5276,2578178,GB1,domestic_league,2015,28. Matchday,2016-03-02,31,281,3,0,3:0,7,4,Fc Liverpool,Manchester City,Jürgen Klopp,Manuel Pellegrini,Anfield,43597,Martin Atkinson,https://www.transfermarkt.co.uk/liverpool-fc_manchester-city/index/spielbericht/2578178,Premier League,domestic_league,first_tier,189,England,52.5310214,-1.2649062,GB1,premier-league,europa,https://www.transfermarkt.co.uk/premier-league/startseite/wettbewerb/GB1,1,2016-03,Fc Liverpool vs Manchester City,Arsenal vs Swansea,83.0,84.0,Arsenal
5317,2578126,GB1,domestic_league,2015,24. Matchday,2016-02-02,985,512,3,0,3:0,5,10,Manchester United,Stoke,Louis van Gaal,Mark Hughes,Old Trafford,75234,Roger East,https://www.transfermarkt.co.uk/manchester-united_stoke-city/index/spielbericht/2578126,Premier League,domestic_league,first_tier,189,England,52.5310214,-1.2649062,GB1,premier-league,europa,https://www.transfermarkt.co.uk/premier-league/startseite/wettbewerb/GB1,1,2016-02,Manchester United vs Stoke,,,,
5318,2578122,GB1,domestic_league,2015,24. Matchday,2016-02-02,873,989,1,2,1:2,12,15,Crystal Palace,Afc Bournemouth,Alan Pardew,Eddie Howe,Selhurst Park,24855,Mike Jones,https://www.transfermarkt.co.uk/crystal-palace_afc-bournemouth/index/spielbericht/2578122,Premier League,domestic_league,first_tier,189,England,52.5310214,-1.2649062,GB1,premier-league,europa,https://www.transfermarkt.co.uk/premier-league/startseite/wettbewerb/GB1,1,2016-02,Crystal Palace vs Afc Bournemouth,Arsenal vs Southampton,83.0,74.0,Arsenal
5320,2578121,GB1,domestic_league,2015,24. Matchday,2016-02-02,984,2288,1,1,1:1,14,16,West Bromwich Albion,Swansea,Tony Pulis,Francesco Guidolin,The Hawthorns,22062,Neil Swarbrick,https://www.transfermarkt.co.uk/west-bromwich-albion_swansea-city/index/spielbericht/2578121,Premier League,domestic_league,first_tier,189,England,52.5310214,-1.2649062,GB1,premier-league,europa,https://www.transfermarkt.co.uk/premier-league/startseite/wettbewerb/GB1,1,2016-02,West Bromwich Albion vs Swansea,Norwich vs Tottenham,79.0,82.0,Norwich
5335,2578105,GB1,domestic_league,2015,22. Matchday,2016-01-18,2288,1010,1,0,1:0,17,12,Swansea,Fc Watford,Alan Curtis,Quique Sánchez Flores,Swansea.com Stadium,20430,Michael Oliver,https://www.transfermarkt.co.uk/swansea-city_watford-fc/index/spielbericht/2578105,Premier League,domestic_league,first_tier,189,England,52.5310214,-1.2649062,GB1,premier-league,europa,https://www.transfermarkt.co.uk/premier-league/startseite/wettbewerb/GB1,1,2016-01,Swansea vs Fc Watford,,,,
5345,2578104,GB1,domestic_league,2015,21. Matchday,2016-01-13,31,11,3,3,3:3,9,1,Fc Liverpool,Fc Arsenal,Jürgen Klopp,Arsène Wenger,Anfield,44109,Mike Jones,https://www.transfermarkt.co.uk/liverpool-fc_arsenal-fc/index/spielbericht/2578104,Premier League,domestic_league,first_tier,189,England,52.5310214,-1.2649062,GB1,premier-league,europa,https://www.transfermarkt.co.uk/premier-league/startseite/wettbewerb/GB1,1,2016-01,Fc Liverpool vs Fc Arsenal,Stoke vs Norwich,85.0,79.0,Stoke
5385,2578064,GB1,domestic_league,2015,17. Matchday,2015-12-21,11,281,2,1,2:1,2,3,Fc Arsenal,Manchester City,Arsène Wenger,Manuel Pellegrini,Emirates Stadium,60053,Andre Marriner,https://www.transfermarkt.co.uk/arsenal-fc_manchester-city/index/spielbericht/2578064,Premier League,domestic_league,first_tier,189,England,52.5310214,-1.2649062,GB1,premier-league,europa,https://www.transfermarkt.co.uk/premier-league/startseite/wettbewerb/GB1,1,2015-12,Fc Arsenal vs Manchester City,,,,
5395,2578065,GB1,domestic_league,2015,16. Matchday,2015-12-14,1003,631,2,1,2:1,1,16,Leicester City,Fc Chelsea,Claudio Ranieri,José Mourinho,King Power Stadium,32054,Mark Clattenburg,https://www.transfermarkt.co.uk/leicester-city_chelsea-fc/index/spielbericht/2578065,Premier League,domestic_league,first_tier,189,England,52.5310214,-1.2649062,GB1,premier-league,europa,https://www.transfermarkt.co.uk/premier-league/startseite/wettbewerb/GB1,1,2015-12,Leicester City vs Fc Chelsea,,,,
5405,2578048,GB1,domestic_league,2015,15. Matchday,2015-12-07,29,873,1,1,1:1,9,6,Fc Everton,Crystal Palace,Roberto Martínez,Alan Pardew,Goodison Park,35736,Craig Pawson,https://www.transfermarkt.co.uk/everton-fc_crystal-palace/index/spielbericht/2578048,Premier League,domestic_league,first_tier,189,England,52.5310214,-1.2649062,GB1,premier-league,europa,https://www.transfermarkt.co.uk/premier-league/startseite/wettbewerb/GB1,1,2015-12,Fc Everton vs Crystal Palace,,,,
5413,2578102,GB1,domestic_league,2015,21. Matchday,2016-01-13,148,1003,0,1,0:1,4,2,Tottenham Hotspur,Leicester City,Mauricio Pochettino,Claudio Ranieri,White Hart Lane,35850,Lee Mason,https://www.transfermarkt.co.uk/tottenham-hotspur_leicester-city/index/spielbericht/2578102,Premier League,domestic_league,first_tier,189,England,52.5310214,-1.2649062,GB1,premier-league,europa,https://www.transfermarkt.co.uk/premier-league/startseite/wettbewerb/GB1,1,2016-01,Tottenham Hotspur vs Leicester City,Southampton vs Watford,74.0,90.0,Southampton
5425,2578026,GB1,domestic_league,2015,13. Matchday,2015-11-23,873,289,0,1,0:1,10,18,Crystal Palace,Afc Sunderland,Alan Pardew,Sam Allardyce,Selhurst Park,24361,Martin Atkinson,https://www.transfermarkt.co.uk/crystal-palace_sunderland-afc/index/spielbericht/2578026,Premier League,domestic_league,first_tier,189,England,52.5310214,-1.2649062,GB1,premier-league,europa,https://www.transfermarkt.co.uk/premier-league/startseite/wettbewerb/GB1,1,2015-11,Crystal Palace vs Afc Sunderland,,,,
5445,2578011,GB1,domestic_league,2015,11. Matchday,2015-11-02,148,405,3,1,3:1,5,20,Tottenham Hotspur,Aston Villa,Mauricio Pochettino,Kevin MacDonald,White Hart Lane,34882,Mike Dean,https://www.transfermarkt.co.uk/tottenham-hotspur_aston-villa/index/spielbericht/2578011,Premier League,domestic_league,first_tier,189,England,52.5310214,-1.2649062,GB1,premier-league,europa,https://www.transfermarkt.co.uk/premier-league/startseite/wettbewerb/GB1,1,2015-11,Tottenham Hotspur vs Aston Villa,,,,
5735,2698265,GB1,domestic_league,2016,20. Matchday,2017-01-04,148,631,2,0,2:0,3,1,Tottenham Hotspur,Fc Chelsea,Mauricio Pochettino,Antonio Conte,White Hart Lane,31491,Martin Atkinson,https://www.transfermarkt.co.uk/tottenham-hotspur_chelsea-fc/index/spielbericht/2698265,Premier League,domestic_league,first_tier,189,England,52.5310214,-1.2649062,GB1,premier-league,europa,https://www.transfermarkt.co.uk/premier-league/startseite/wettbewerb/GB1,1,2017-01,Tottenham Hotspur vs Fc Chelsea,Stoke vs Watford,85.0,90.0,Stoke
5736,2698267,GB1,domestic_league,2016,20. Matchday,2017-01-03,512,1010,2,0,2:0,11,14,Stoke,Fc Watford,Mark Hughes,Walter Mazzarri,bet365 Stadium,27010,Neil Swarbrick,https://www.transfermarkt.co.uk/stoke-city_watford-fc/index/spielbericht/2698267,Premier League,domestic_league,first_tier,189,England,52.5310214,-1.2649062,GB1,premier-league,europa,https://www.transfermarkt.co.uk/premier-league/startseite/wettbewerb/GB1,1,2017-01,Stoke vs Fc Watford,,,,
5754,2698241,GB1,domestic_league,2016,19. Matchday,2016-12-30,3008,29,2,2,2:2,19,7,Hull City,Fc Everton,Mike Phelan,Ronald Koeman,MKM Stadium,20111,Jonathan Moss,https://www.transfermarkt.co.uk/hull-city_everton-fc/index/spielbericht/2698241,Premier League,domestic_league,first_tier,189,England,52.5310214,-1.2649062,GB1,premier-league,europa,https://www.transfermarkt.co.uk/premier-league/startseite/wettbewerb/GB1,1,2016-12,Hull City vs Fc Everton,,,,
5764,2698257,GB1,domestic_league,2016,20. Matchday,2017-01-03,873,2288,1,2,1:2,17,19,Crystal Palace,Swansea,Sam Allardyce,Alan Curtis,Selhurst Park,24913,Paul Tierney,https://www.transfermarkt.co.uk/crystal-palace_swansea-city/index/spielbericht/2698257,Premier League,domestic_league,first_tier,189,England,52.5310214,-1.2649062,GB1,premier-league,europa,https://www.transfermarkt.co.uk/premier-league/startseite/wettbewerb/GB1,1,2017-01,Crystal Palace vs Swansea,,,,
5769,2698219,GB1,domestic_league,2016,17. Matchday,2016-12-19,29,31,0,1,0:1,9,2,Fc Everton,Fc Liverpool,Ronald Koeman,Jürgen Klopp,Goodison Park,40221,Mike Dean,https://www.transfermarkt.co.uk/everton-fc_liverpool-fc/index/spielbericht/2698219,Premier League,domestic_league,first_tier,189,England,52.5310214,-1.2649062,GB1,premier-league,europa,https://www.transfermarkt.co.uk/premier-league/startseite/wettbewerb/GB1,1,2016-12,Fc Everton vs Fc Liverpool,,,,
5775,2698229,GB1,domestic_league,2016,16. Matchday,2016-12-14,281,1010,2,0,2:0,4,11,Manchester City,Fc Watford,Pep Guardiola,Walter Mazzarri,Etihad Stadium,51527,Kevin Friend,https://www.transfermarkt.co.uk/manchester-city_watford-fc/index/spielbericht/2698229,Premier League,domestic_league,first_tier,189,England,52.5310214,-1.2649062,GB1,premier-league,europa,https://www.transfermarkt.co.uk/premier-league/startseite/wettbewerb/GB1,1,2016-12,Manchester City vs Fc Watford,West Ham vs Burnley,81.0,92.0,West Ham
5777,2698209,GB1,domestic_league,2016,16. Matchday,2016-12-14,512,180,0,0,0:0,12,9,Stoke,Fc Southampton,Mark Hughes,Claude Puel,bet365 Stadium,27002,Anthony Taylor,https://www.transfermarkt.co.uk/stoke-city_southampton-fc/index/spielbericht/2698209,Premier League,domestic_league,first_tier,189,England,52.5310214,-1.2649062,GB1,premier-league,europa,https://www.transfermarkt.co.uk/premier-league/startseite/wettbewerb/GB1,1,2016-12,Stoke vs Fc Southampton,,,,
5780,2698205,GB1,domestic_league,2016,16. Matchday,2016-12-14,984,2288,3,1,3:1,7,18,West Bromwich Albion,Swansea,Tony Pulis,Bob Bradley,The Hawthorns,21467,Michael Oliver,https://www.transfermarkt.co.uk/west-bromwich-albion_swansea-city/index/spielbericht/2698205,Premier League,domestic_league,first_tier,189,England,52.5310214,-1.2649062,GB1,premier-league,europa,https://www.transfermarkt.co.uk/premier-league/startseite/wettbewerb/GB1,1,2016-12,West Bromwich Albion vs Swansea,West Ham vs Burnley,81.0,92.0,West Ham
5792,2698207,GB1,domestic_league,2016,16. Matchday,2016-12-14,873,985,1,2,1:2,16,6,Crystal Palace,Manchester United,Alan Pardew,José Mourinho,Selhurst Park,25547,Craig Pawson,https://www.transfermarkt.co.uk/crystal-palace_manchester-united/index/spielbericht/2698207,Premier League,domestic_league,first_tier,189,England,52.5310214,-1.2649062,GB1,premier-league,europa,https://www.transfermarkt.co.uk/premier-league/startseite/wettbewerb/GB1,1,2016-12,Crystal Palace vs Manchester United,Sunderland vs Chelsea,77.0,80.0,Sunderland
5795,2698136,GB1,domestic_league,2016,14. Matchday,2016-12-05,641,3008,1,0,1:0,13,19,Fc Middlesbrough,Hull City,Aitor Karanka,Mike Phelan,Riverside Stadium,27395,Mike Dean,https://www.transfermarkt.co.uk/middlesbrough-fc_hull-city/index/spielbericht/2698136,Premier League,domestic_league,first_tier,189,England,52.5310214,-1.2649062,GB1,premier-league,europa,https://www.transfermarkt.co.uk/premier-league/startseite/wettbewerb/GB1,1,2016-12,Fc Middlesbrough vs Hull City,,,,
5819,2698224,GB1,domestic_league,2016,16. Matchday,2016-12-14,148,3008,3,0,3:0,5,19,Tottenham Hotspur,Hull City,Mauricio Pochettino,Mike Phelan,White Hart Lane,31347,Andre Marriner,https://www.transfermarkt.co.uk/tottenham-hotspur_hull-city/index/spielbericht/2698224,Premier League,domestic_league,first_tier,189,England,52.5310214,-1.2649062,GB1,premier-league,europa,https://www.transfermarkt.co.uk/premier-league/startseite/wettbewerb/GB1,1,2016-12,Tottenham Hotspur vs Hull City,West Ham vs Burnley,81.0,92.0,West Ham
5835,2698167,GB1,domestic_league,2016,10. Matchday,2016-10-31,512,2288,3,1,3:1,12,19,Stoke,Swansea,Mark Hughes,Bob Bradley,bet365 Stadium,26602,Michael Oliver,https://www.transfermarkt.co.uk/stoke-city_swansea-city/index/spielbericht/2698167,Premier League,domestic_league,first_tier,189,England,52.5310214,-1.2649062,GB1,premier-league,europa,https://www.transfermarkt.co.uk/premier-league/startseite/wettbewerb/GB1,1,2016-10,Stoke vs Swansea,,,,
5870,2698148,GB1,domestic_league,2016,12. Matchday,2016-11-21,984,1132,4,0,4:0,9,12,West Bromwich Albion,Fc Burnley,Tony Pulis,Sean Dyche,The Hawthorns,23016,Mike Jones,https://www.transfermarkt.co.uk/west-bromwich-albion_burnley-fc/index/spielbericht/2698148,Premier League,domestic_league,first_tier,189,England,52.5310214,-1.2649062,GB1,premier-league,europa,https://www.transfermarkt.co.uk/premier-league/startseite/wettbewerb/GB1,1,2016-11,West Bromwich Albion vs Fc Burnley,,,,
6667,3050189,GB1,domestic_league,2018,3. Matchday,2018-08-26,931,1132,4,2,4:2,11,18,Fc Fulham,Fc Burnley,Slavisa Jokanovic,Sean Dyche,Craven Cottage,23438,David Coote,https://www.transfermarkt.co.uk/fulham-fc_burnley-fc/index/spielbericht/3050189,Premier League,domestic_league,first_tier,189,England,52.5310214,-1.2649062,GB1,premier-league,europa,https://www.transfermarkt.co.uk/premier-league/startseite/wettbewerb/GB1,1,2018-08,Fc Fulham vs Fc Burnley,,,,
7907,2609777,FR1,domestic_league,2015,31. Matchday,2016-03-20,583,162,0,2,0:2,1,2,Fc Paris Saint Germain,As Monaco,Laurent Blanc,Leonardo Jardim,Parc des Princes,46569,Antony Gautier,https://www.transfermarkt.co.uk/paris-saint-germain_as-monaco/index/spielbericht/2609777,Ligue 1,domestic_league,first_tier,50,France,46.603354,1.8883335,FR1,ligue-1,europa,https://www.transfermarkt.co.uk/ligue-1/startseite/wettbewerb/FR1,5,2016-03,Fc Paris Saint Germain vs As Monaco,Lyon vs Nantes,178.0,168.0,Lyon
7910,2609776,FR1,domestic_league,2015,31. Matchday,2016-03-19,1041,995,2,0,2:0,4,8,Olympique Lyon,Fc Nantes,Bruno Génésio,Michel Der Zakarian,Groupama Stadium,47505,Benoît Millot,https://www.transfermarkt.co.uk/olympique-lyon_fc-nantes/index/spielbericht/2609776,Ligue 1,domestic_league,first_tier,50,France,46.603354,1.8883335,FR1,ligue-1,europa,https://www.transfermarkt.co.uk/ligue-1/startseite/wettbewerb/FR1,5,2016-03,Olympique Lyon vs Fc Nantes,Angers vs Lorient,167.0,179.0,Angers
7925,2609768,FR1,domestic_league,2015,30. Matchday,2016-03-13,273,1041,2,2,2:2,5,4,Rennes,Olympique Lyon,Rolland Courbis,Bruno Génésio,Roazhon Park,25830,Frank Schneider,https://www.transfermarkt.co.uk/stade-rennais-fc_olympique-lyon/index/spielbericht/2609768,Ligue 1,domestic_league,first_tier,50,France,46.603354,1.8883335,FR1,ligue-1,europa,https://www.transfermarkt.co.uk/ligue-1/startseite/wettbewerb/FR1,5,2016-03,Rennes vs Olympique Lyon,Nantes vs Angers,168.0,167.0,Nantes
7931,2609755,FR1,domestic_league,2015,29. Matchday,2016-03-06,1041,855,5,1,5:1,3,17,Olympique Lyon,Guingamp,Bruno Génésio,Jocelyn Gourvennec,Groupama Stadium,33133,Fredy Fautrel,https://www.transfermarkt.co.uk/olympique-lyon_ea-guingamp/index/spielbericht/2609755,Ligue 1,domestic_league,first_tier,50,France,46.603354,1.8883335,FR1,ligue-1,europa,https://www.transfermarkt.co.uk/ligue-1/startseite/wettbewerb/FR1,5,2016-03,Olympique Lyon vs Guingamp,Rennes vs Nantes,163.0,168.0,Rennes
7937,2609747,FR1,domestic_league,2015,28. Matchday,2016-02-28,1041,583,2,1,2:1,3,1,Olympique Lyon,Fc Paris Saint Germain,Bruno Génésio,Laurent Blanc,Groupama Stadium,56661,Lionel Jaffredo,https://www.transfermarkt.co.uk/olympique-lyon_paris-saint-germain/index/spielbericht/2609747,Ligue 1,domestic_league,first_tier,50,France,46.603354,1.8883335,FR1,ligue-1,europa,https://www.transfermarkt.co.uk/ligue-1/startseite/wettbewerb/FR1,5,2016-02,Olympique Lyon vs Fc Paris Saint Germain,Nantes vs Monaco,168.0,171.0,Nantes
7947,2609734,FR1,domestic_league,2015,27. Matchday,2016-02-21,1082,1041,1,0,1:0,13,6,Lille,Olympique Lyon,Frédéric Antonetti,Bruno Génésio,Decathlon Arena-Stade Pierre-Mauroy,32956,Benoît Bastien,https://www.transfermarkt.co.uk/losc-lille_olympique-lyon/index/spielbericht/2609734,Ligue 1,domestic_league,first_tier,50,France,46.603354,1.8883335,FR1,ligue-1,europa,https://www.transfermarkt.co.uk/ligue-1/startseite/wettbewerb/FR1,5,2016-02,Lille vs Olympique Lyon,Caen vs Rennes,165.0,163.0,Caen
7965,2609725,FR1,domestic_league,2015,26. Matchday,2016-02-14,417,244,1,1,1:1,3,11,Nizza,Olympique Marseille,Claude Puel,Míchel,Allianz Riviera,28659,Benoît Millot,https://www.transfermarkt.co.uk/ogc-nice_olympique-marseille/index/spielbericht/2609725,Ligue 1,domestic_league,first_tier,50,France,46.603354,1.8883335,FR1,ligue-1,europa,https://www.transfermarkt.co.uk/ligue-1/startseite/wettbewerb/FR1,5,2016-02,Nizza vs Olympique Marseille,Lyon vs Caen,178.0,165.0,Lyon
7966,2609716,FR1,domestic_league,2015,25. Matchday,2016-02-07,244,583,1,2,1:2,10,1,Olympique Marseille,Fc Paris Saint Germain,Míchel,Laurent Blanc,Orange Vélodrome,61166,Ruddy Buquet,https://www.transfermarkt.co.uk/olympique-marseille_paris-saint-germain/index/spielbericht/2609716,Ligue 1,domestic_league,first_tier,50,France,46.603354,1.8883335,FR1,ligue-1,europa,https://www.transfermarkt.co.uk/ligue-1/startseite/wettbewerb/FR1,5,2016-02,Olympique Marseille vs Fc Paris Saint Germain,Lille vs Rennes,160.0,163.0,Lille
7976,2609709,FR1,domestic_league,2015,24. Matchday,2016-02-04,273,618,0,1,0:1,9,5,Rennes,As Saint Etienne,Rolland Courbis,Christophe Galtier,Roazhon Park,18049,Benoît Millot,https://www.transfermarkt.co.uk/stade-rennais-fc_as-saint-etienne/index/spielbericht/2609709,Ligue 1,domestic_league,first_tier,50,France,46.603354,1.8883335,FR1,ligue-1,europa,https://www.transfermarkt.co.uk/ligue-1/startseite/wettbewerb/FR1,5,2016-02,Rennes vs As Saint Etienne,,,,
7978,2609707,FR1,domestic_league,2015,24. Matchday,2016-02-03,583,1158,3,1,3:1,1,12,Fc Paris Saint Germain,Lorient,Laurent Blanc,Sylvain Ripoll,Parc des Princes,45358,Hakim Ben El Hadj,https://www.transfermarkt.co.uk/paris-saint-germain_fc-lorient/index/spielbericht/2609707,Ligue 1,domestic_league,first_tier,50,France,46.603354,1.8883335,FR1,ligue-1,europa,https://www.transfermarkt.co.uk/ligue-1/startseite/wettbewerb/FR1,5,2016-02,Fc Paris Saint Germain vs Lorient,Nizza vs Toulouse,170.0,174.0,Nizza
7986,2609691,FR1,domestic_league,2015,23. Matchday,2016-01-31,618,583,0,2,0:2,8,1,As Saint Etienne,Fc Paris Saint Germain,Christophe Galtier,Laurent Blanc,Stade Geoffroy-Guichard,32689,Lionel Jaffredo,https://www.transfermarkt.co.uk/as-saint-etienne_paris-saint-germain/index/spielbericht/2609691,Ligue 1,domestic_league,first_tier,50,France,46.603354,1.8883335,FR1,ligue-1,europa,https://www.transfermarkt.co.uk/ligue-1/startseite/wettbewerb/FR1,5,2016-01,As Saint Etienne vs Fc Paris Saint Germain,Caen vs Nizza,165.0,170.0,Caen
7997,2609686,FR1,domestic_league,2015,22. Matchday,2016-01-24,1041,244,1,1,1:1,9,8,Olympique Lyon,Olympique Marseille,Bruno Génésio,Míchel,Groupama Stadium,56506,Antony Gautier,https://www.transfermarkt.co.uk/olympique-lyon_olympique-marseille/index/spielbericht/2609686,Ligue 1,domestic_league,first_tier,50,France,46.603354,1.8883335,FR1,ligue-1,europa,https://www.transfermarkt.co.uk/ligue-1/startseite/wettbewerb/FR1,5,2016-01,Olympique Lyon vs Olympique Marseille,Monaco vs Toulouse,171.0,174.0,Monaco
8007,2609670,FR1,domestic_league,2015,21. Matchday,2016-01-17,618,1041,1,0,1:0,5,9,As Saint Etienne,Olympique Lyon,Christophe Galtier,Bruno Génésio,Stade Geoffroy-Guichard,36503,Clément Turpin,https://www.transfermarkt.co.uk/as-saint-etienne_olympique-lyon/index/spielbericht/2609670,Ligue 1,domestic_league,first_tier,50,France,46.603354,1.8883335,FR1,ligue-1,europa,https://www.transfermarkt.co.uk/ligue-1/startseite/wettbewerb/FR1,5,2016-01,As Saint Etienne vs Olympique Lyon,Lorient vs Monaco,179.0,171.0,Lorient
8009,2609704,FR1,domestic_league,2015,24. Matchday,2016-02-02,969,244,0,1,0:1,18,8,Montpellier Hsc,Olympique Marseille,Frédéric Hantz,Míchel,Stade de la Mosson,16156,Tony Chapron,https://www.transfermarkt.co.uk/montpellier-hsc_olympique-marseille/index/spielbericht/2609704,Ligue 1,domestic_league,first_tier,50,France,46.603354,1.8883335,FR1,ligue-1,europa,https://www.transfermarkt.co.uk/ligue-1/startseite/wettbewerb/FR1,5,2016-02,Montpellier Hsc vs Olympique Marseille,Monaco vs SC Bastia,171.0,162.0,Monaco
8016,2609665,FR1,domestic_league,2015,20. Matchday,2016-01-10,244,855,0,0,0:0,11,19,Olympique Marseille,Guingamp,Míchel,Jocelyn Gourvennec,Orange Vélodrome,38948,Fredy Fautrel,https://www.transfermarkt.co.uk/olympique-marseille_ea-guingamp/index/spielbericht/2609665,Ligue 1,domestic_league,first_tier,50,France,46.603354,1.8883335,FR1,ligue-1,europa,https://www.transfermarkt.co.uk/ligue-1/startseite/wettbewerb/FR1,5,2016-01,Olympique Marseille vs Guingamp,Lille vs Nizza,160.0,170.0,Lille
8026,2600637,FR1,domestic_league,2015,19. Matchday,2015-12-20,40,244,1,1,1:1,14,10,Bordeaux,Olympique Marseille,Willy Sagnol,Míchel,Matmut Atlantique,39672,Benoît Bastien,https://www.transfermarkt.co.uk/fc-girondins-bordeaux_olympique-marseille/index/spielbericht/2600637,Ligue 1,domestic_league,first_tier,50,France,46.603354,1.8883335,FR1,ligue-1,europa,https://www.transfermarkt.co.uk/ligue-1/startseite/wettbewerb/FR1,5,2015-12,Bordeaux vs Olympique Marseille,GFC Ajaccio vs Lyon,173.0,178.0,GFC Ajaccio
8036,2600626,FR1,domestic_league,2015,18. Matchday,2015-12-13,583,1041,5,1,5:1,1,6,Fc Paris Saint Germain,Olympique Lyon,Laurent Blanc,Hubert Fournier,Parc des Princes,46650,Ruddy Buquet,https://www.transfermarkt.co.uk/paris-saint-germain_olympique-lyon/index/spielbericht/2600626,Ligue 1,domestic_league,first_tier,50,France,46.603354,1.8883335,FR1,ligue-1,europa,https://www.transfermarkt.co.uk/ligue-1/startseite/wettbewerb/FR1,5,2015-12,Fc Paris Saint Germain vs Olympique Lyon,Monaco vs Saint-Etienne,171.0,175.0,Monaco
8056,2600604,FR1,domestic_league,2015,16. Matchday,2015-12-03,273,244,0,1,0:1,10,8,Rennes,Olympique Marseille,Philippe Montanier,Míchel,Roazhon Park,23450,Tony Chapron,https://www.transfermarkt.co.uk/stade-rennais-fc_olympique-marseille/index/spielbericht/2600604,Ligue 1,domestic_league,first_tier,50,France,46.603354,1.8883335,FR1,ligue-1,europa,https://www.transfermarkt.co.uk/ligue-1/startseite/wettbewerb/FR1,5,2015-12,Rennes vs Olympique Marseille,,,,
8058,2600623,FR1,domestic_league,2015,17. Matchday,2015-12-06,618,273,1,1,1:1,6,10,As Saint Etienne,Rennes,Christophe Galtier,Philippe Montanier,Stade Geoffroy-Guichard,26668,Nicolas Rainville,https://www.transfermarkt.co.uk/as-saint-etienne_stade-rennais-fc/index/spielbericht/2600623,Ligue 1,domestic_league,first_tier,50,France,46.603354,1.8883335,FR1,ligue-1,europa,https://www.transfermarkt.co.uk/ligue-1/startseite/wettbewerb/FR1,5,2015-12,As Saint Etienne vs Rennes,,,,
8061,2600607,FR1,domestic_league,2015,16. Matchday,2015-12-02,1082,618,1,0,1:0,18,7,Lille,As Saint Etienne,Frédéric Antonetti,Christophe Galtier,Decathlon Arena-Stade Pierre-Mauroy,29103,Frank Schneider,https://www.transfermarkt.co.uk/losc-lille_as-saint-etienne/index/spielbericht/2600607,Ligue 1,domestic_league,first_tier,50,France,46.603354,1.8883335,FR1,ligue-1,europa,https://www.transfermarkt.co.uk/ligue-1/startseite/wettbewerb/FR1,5,2015-12,Lille vs As Saint Etienne,Nantes vs Lyon,168.0,178.0,Nantes
8066,2587014,FR1,domestic_league,2015,15. Matchday,2015-11-29,244,162,3,3,3:3,11,7,Olympique Marseille,As Monaco,Míchel,Leonardo Jardim,Orange Vélodrome,42882,Clément Turpin,https://www.transfermarkt.co.uk/olympique-marseille_as-monaco/index/spielbericht/2587014,Ligue 1,domestic_league,first_tier,50,France,46.603354,1.8883335,FR1,ligue-1,europa,https://www.transfermarkt.co.uk/ligue-1/startseite/wettbewerb/FR1,5,2015-11,Olympique Marseille vs As Monaco,Bordeaux vs Caen,176.0,165.0,Bordeaux
8067,2600608,FR1,domestic_league,2015,16. Matchday,2015-12-01,995,1041,0,0,0:0,11,4,Fc Nantes,Olympique Lyon,Michel Der Zakarian,Hubert Fournier,Stade de la Beaujoire,20896,Amaury Delerue,https://www.transfermarkt.co.uk/fc-nantes_olympique-lyon/index/spielbericht/2600608,Ligue 1,domestic_league,first_tier,50,France,46.603354,1.8883335,FR1,ligue-1,europa,https://www.transfermarkt.co.uk/ligue-1/startseite/wettbewerb/FR1,5,2015-12,Fc Nantes vs Olympique Lyon,Lorient vs Nizza,179.0,170.0,Lorient
8076,2587008,FR1,domestic_league,2015,14. Matchday,2015-11-22,618,244,0,2,0:2,7,12,As Saint Etienne,Olympique Marseille,Christophe Galtier,Míchel,Stade Geoffroy-Guichard,34681,Fredy Fautrel,https://www.transfermarkt.co.uk/as-saint-etienne_olympique-marseille/index/spielbericht/2587008,Ligue 1,domestic_league,first_tier,50,France,46.603354,1.8883335,FR1,ligue-1,europa,https://www.transfermarkt.co.uk/ligue-1/startseite/wettbewerb/FR1,5,2015-11,As Saint Etienne vs Olympique Marseille,SC Bastia vs GFC Ajaccio,162.0,173.0,SC Bastia
8087,2586996,FR1,domestic_league,2015,13. Matchday,2015-11-08,1041,618,3,0,3:0,2,5,Olympique Lyon,As Saint Etienne,Hubert Fournier,Christophe Galtier,Stade de Gerland,38752,Tony Chapron,https://www.transfermarkt.co.uk/olympique-lyon_as-saint-etienne/index/spielbericht/2586996,Ligue 1,domestic_league,first_tier,50,France,46.603354,1.8883335,FR1,ligue-1,europa,https://www.transfermarkt.co.uk/ligue-1/startseite/wettbewerb/FR1,5,2015-11,Olympique Lyon vs As Saint Etienne,Marseille vs Nizza,164.0,170.0,Marseille
8100,2586984,FR1,domestic_league,2015,12. Matchday,2015-11-01,995,244,0,1,0:1,7,12,Fc Nantes,Olympique Marseille,Michel Der Zakarian,Míchel,Stade de la Beaujoire,27392,Lionel Jaffredo,https://www.transfermarkt.co.uk/fc-nantes_olympique-marseille/index/spielbericht/2586984,Ligue 1,domestic_league,first_tier,50,France,46.603354,1.8883335,FR1,ligue-1,europa,https://www.transfermarkt.co.uk/ligue-1/startseite/wettbewerb/FR1,5,2015-11,Fc Nantes vs Olympique Marseille,Nizza vs Lille,170.0,160.0,Nizza
8101,2586991,FR1,domestic_league,2015,13. Matchday,2015-11-08,40,162,3,1,3:1,11,9,Bordeaux,As Monaco,Willy Sagnol,Leonardo Jardim,Matmut Atlantique,21090,Benoît Millot,https://www.transfermarkt.co.uk/fc-girondins-bordeaux_as-monaco/index/spielbericht/2586991,Ligue 1,domestic_league,first_tier,50,France,46.603354,1.8883335,FR1,ligue-1,europa,https://www.transfermarkt.co.uk/ligue-1/startseite/wettbewerb/FR1,5,2015-11,Bordeaux vs As Monaco,,,,
8107,2586963,FR1,domestic_league,2015,11. Matchday,2015-10-25,583,618,4,1,4:1,1,5,Fc Paris Saint Germain,As Saint Etienne,Laurent Blanc,Christophe Galtier,Parc des Princes,47385,Clément Turpin,https://www.transfermarkt.co.uk/paris-saint-germain_as-saint-etienne/index/spielbericht/2586963,Ligue 1,domestic_league,first_tier,50,France,46.603354,1.8883335,FR1,ligue-1,europa,https://www.transfermarkt.co.uk/ligue-1/startseite/wettbewerb/FR1,5,2015-10,Fc Paris Saint Germain vs As Saint Etienne,Reims vs Monaco,177.0,171.0,Reims
8267,2848788,FR1,domestic_league,2016,33. Matchday,2017-04-16,595,1041,0,0,0:0,20,4,Sc Bastia,Olympique Lyon,Rui Almeida,Bruno Génésio,Stade Armand-Cesari,12880,Amaury Delerue,https://www.transfermarkt.co.uk/sc-bastia_olympique-lyon/index/spielbericht/2848788,Ligue 1,domestic_league,first_tier,50,France,46.603354,1.8883335,FR1,ligue-1,europa,https://www.transfermarkt.co.uk/ligue-1/startseite/wettbewerb/FR1,5,2017-04,Sc Bastia vs Olympique Lyon,Nantes vs Bordeaux,168.0,176.0,Nantes
8395,2716699,FR1,domestic_league,2016,20. Matchday,2017-01-15,244,162,1,4,1:4,6,1,Olympique Marseille,As Monaco,Rudi Garcia,Leonardo Jardim,Orange Vélodrome,43814,Clément Turpin,https://www.transfermarkt.co.uk/olympique-marseille_as-monaco/index/spielbericht/2716699,Ligue 1,domestic_league,first_tier,50,France,46.603354,1.8883335,FR1,ligue-1,europa,https://www.transfermarkt.co.uk/ligue-1/startseite/wettbewerb/FR1,5,2017-01,Olympique Marseille vs As Monaco,Nizza vs Metz,170.0,180.0,Nizza
8446,2702785,FR1,domestic_league,2016,15. Matchday,2016-11-30,583,1420,2,0,2:0,2,10,Fc Paris Saint Germain,Sco Angers,Unai Emery,Stéphane Moulin,Parc des Princes,40597,Frank Schneider,https://www.transfermarkt.co.uk/paris-saint-germain_angers-sco/index/spielbericht/2702785,Ligue 1,domestic_league,first_tier,50,France,46.603354,1.8883335,FR1,ligue-1,europa,https://www.transfermarkt.co.uk/ligue-1/startseite/wettbewerb/FR1,5,2016-11,Fc Paris Saint Germain vs Sco Angers,Dijon vs Monaco,181.0,171.0,Dijon
8478,2702787,FR1,domestic_league,2016,15. Matchday,2016-11-29,2969,162,1,1,1:1,15,3,Dijon Fco,As Monaco,Olivier Dall'Oglio,Leonardo Jardim,Stade Gaston-Gérard,10263,Tony Chapron,https://www.transfermarkt.co.uk/dijon-fco_as-monaco/index/spielbericht/2702787,Ligue 1,domestic_league,first_tier,50,France,46.603354,1.8883335,FR1,ligue-1,europa,https://www.transfermarkt.co.uk/ligue-1/startseite/wettbewerb/FR1,5,2016-11,Dijon Fco vs As Monaco,Lille vs Caen,160.0,165.0,Lille
8620,2942911,FR1,domestic_league,2017,37. Matchday,2018-05-11,855,244,3,3,3:3,11,4,Guingamp,Olympique Marseille,Antoine Kombouaré,Rudi Garcia,Stade du Roudourou,18378,Amaury Delerue,https://www.transfermarkt.co.uk/ea-guingamp_olympique-marseille/index/spielbericht/2942911,Ligue 1,domestic_league,first_tier,50,France,46.603354,1.8883335,FR1,ligue-1,europa,https://www.transfermarkt.co.uk/ligue-1/startseite/wettbewerb/FR1,5,2018-05,Guingamp vs Olympique Marseille,,,,
8648,2942877,FR1,domestic_league,2017,33. Matchday,2018-04-25,1162,415,0,0,0:0,15,17,Sm Caen,Fc Toulouse,Patrice Garande,Mickaël Debève,Stade Michel-d'Ornano,18658,Benoît Millot,https://www.transfermarkt.co.uk/sm-caen_fc-toulouse/index/spielbericht/2942877,Ligue 1,domestic_league,first_tier,50,France,46.603354,1.8883335,FR1,ligue-1,europa,https://www.transfermarkt.co.uk/ligue-1/startseite/wettbewerb/FR1,5,2018-04,Sm Caen vs Fc Toulouse,,,,
9490,3199503,FR1,domestic_league,2019,15. Matchday,2019-11-30,244,3911,2,1,2:1,2,14,Olympique Marseille,Stade Brest 29,André Villas-Boas,Olivier Dall'Oglio,Orange Vélodrome,50014,Johan Hamel,https://www.transfermarkt.co.uk/olympique-marseille_stade-brestois-29/index/spielbericht/3199503,Ligue 1,domestic_league,first_tier,50,France,46.603354,1.8883335,FR1,ligue-1,europa,https://www.transfermarkt.co.uk/ligue-1/startseite/wettbewerb/FR1,5,2019-11,Olympique Marseille vs Stade Brest 29,Strasbourg vs Lyon,225.0,178.0,Strasbourg
9491,3199502,FR1,domestic_league,2019,15. Matchday,2019-11-30,273,618,2,1,2:1,3,10,Rennes,As Saint Etienne,Julien Stéphan,Claude Puel,Roazhon Park,26738,Eric Wattellier,https://www.transfermarkt.co.uk/stade-rennais-fc_as-saint-etienne/index/spielbericht/3199502,Ligue 1,domestic_league,first_tier,50,France,46.603354,1.8883335,FR1,ligue-1,europa,https://www.transfermarkt.co.uk/ligue-1/startseite/wettbewerb/FR1,5,2019-11,Rennes vs As Saint Etienne,Reims vs Bordeaux,177.0,176.0,Reims
9492,3199501,FR1,domestic_league,2019,15. Matchday,2019-11-30,995,415,2,1,2:1,7,20,Fc Nantes,Fc Toulouse,Christian Gourcuff,Antoine Kombouaré,Stade de la Beaujoire,13751,Florent Batta,https://www.transfermarkt.co.uk/fc-nantes_fc-toulouse/index/spielbericht/3199501,Ligue 1,domestic_league,first_tier,50,France,46.603354,1.8883335,FR1,ligue-1,europa,https://www.transfermarkt.co.uk/ligue-1/startseite/wettbewerb/FR1,5,2019-11,Fc Nantes vs Fc Toulouse,Nimes vs Metz,235.0,180.0,Nimes
9632,3195024,FR1,domestic_league,2019,1. Matchday,2019-08-09,3911,415,1,1,1:1,9,12,Stade Brest 29,Fc Toulouse,Olivier Dall'Oglio,Alain Casanova,Stade Francis-Le Blé,14238,Olivier Thual,https://www.transfermarkt.co.uk/stade-brestois-29_fc-toulouse/index/spielbericht/3195024,Ligue 1,domestic_league,first_tier,50,France,46.603354,1.8883335,FR1,ligue-1,europa,https://www.transfermarkt.co.uk/ligue-1/startseite/wettbewerb/FR1,5,2019-08,Stade Brest 29 vs Fc Toulouse,Monaco vs Lyon,171.0,178.0,Monaco
10513,2604240,IT1,domestic_league,2015,27. Matchday,2016-02-29,430,6195,1,1,1:1,4,2,Fiorentina,Napoli,Paulo Sousa,Maurizio Sarri,Artemio Franchi,31469,Paolo Tagliavento,https://www.transfermarkt.co.uk/acf-fiorentina_ssc-napoli/index/spielbericht/2604240,Serie A,domestic_league,first_tier,75,Italy,42.6384261,12.674297,IT1,serie-a,europa,https://www.transfermarkt.co.uk/serie-a/startseite/wettbewerb/IT1,2,2016-02,Fiorentina vs Napoli,,,,
10514,2604230,IT1,domestic_league,2015,26. Matchday,2016-02-22,6195,5,1,1,1:1,2,6,Napoli,Ac Milan,Maurizio Sarri,Siniša Mihajlović,Stadio Diego Armando Maradona,54758,Luca Banti,https://www.transfermarkt.co.uk/ssc-napoli_ac-milan/index/spielbericht/2604230,Serie A,domestic_league,first_tier,75,Italy,42.6384261,12.674297,IT1,serie-a,europa,https://www.transfermarkt.co.uk/serie-a/startseite/wettbewerb/IT1,2,2016-02,Napoli vs Ac Milan,,,,
10664,2604082,IT1,domestic_league,2015,11. Matchday,2015-11-02,458,749,0,1,0:1,16,12,Palermo,Fc Empoli,Giuseppe Iachini,Marco Giampaolo,"Comunale Renzo Barbera ""La Favorita""",16731,Marco Di Bello,https://www.transfermarkt.co.uk/us-palermo_empoli-fc/index/spielbericht/2604082,Serie A,domestic_league,first_tier,75,Italy,42.6384261,12.674297,IT1,serie-a,europa,https://www.transfermarkt.co.uk/serie-a/startseite/wettbewerb/IT1,2,2015-11,Palermo vs Fc Empoli,,,,
10668,2604109,IT1,domestic_league,2015,14. Matchday,2015-11-30,6195,46,2,1,2:1,1,2,Napoli,Ac Milan,Maurizio Sarri,Roberto Mancini,Stadio Diego Armando Maradona,54149,Daniele Orsato,https://www.transfermarkt.co.uk/ssc-napoli_inter-milan/index/spielbericht/2604109,Serie A,domestic_league,first_tier,75,Italy,42.6384261,12.674297,IT1,serie-a,europa,https://www.transfermarkt.co.uk/serie-a/startseite/wettbewerb/IT1,2,2015-11,Napoli vs Ac Milan,,,,
10995,2726630,IT1,domestic_league,2016,16. Matchday,2016-12-12,12,5,1,0,1:0,2,3,roma,Ac Milan,Luciano Spalletti,Vincenzo Montella,Olimpico di Roma,41841,Paolo Silvio Mazzoleni,https://www.transfermarkt.co.uk/as-roma_ac-milan/index/spielbericht/2726630,Serie A,domestic_league,first_tier,75,Italy,42.6384261,12.674297,IT1,serie-a,europa,https://www.transfermarkt.co.uk/serie-a/startseite/wettbewerb/IT1,2,2016-12,roma vs Ac Milan,,,,
11004,2726622,IT1,domestic_league,2016,15. Matchday,2016-12-05,410,1025,1,0,1:0,14,16,Udinese Calcio,Fc Bologna,Luigi Delneri,Roberto Donadoni,Dacia Arena,16014,Fabrizio Pasqua,https://www.transfermarkt.co.uk/udinese-calcio_bologna-fc-1909/index/spielbericht/2726622,Serie A,domestic_league,first_tier,75,Italy,42.6384261,12.674297,IT1,serie-a,europa,https://www.transfermarkt.co.uk/serie-a/startseite/wettbewerb/IT1,2,2016-12,Udinese Calcio vs Fc Bologna,Chievo vs Genoa,109.0,101.0,Chievo
11014,2726608,IT1,domestic_league,2016,14. Matchday,2016-11-28,46,430,4,2,4:2,9,10,Ac Milan,Fiorentina,Stefano Pioli,Paulo Sousa,Giuseppe Meazza,40558,Antonio Damato,https://www.transfermarkt.co.uk/inter-milan_acf-fiorentina/index/spielbericht/2726608,Serie A,domestic_league,first_tier,75,Italy,42.6384261,12.674297,IT1,serie-a,europa,https://www.transfermarkt.co.uk/serie-a/startseite/wettbewerb/IT1,2,2016-11,Ac Milan vs Fiorentina,,,,
11044,2726575,IT1,domestic_league,2016,11. Matchday,2016-10-31,1390,458,2,1,2:1,10,19,Cagliari,Palermo,Massimo Rastelli,Roberto De Zerbi,Sant'Elia,14625,Massimiliano Irrati,https://www.transfermarkt.co.uk/cagliari-calcio_us-palermo/index/spielbericht/2726575,Serie A,domestic_league,first_tier,75,Italy,42.6384261,12.674297,IT1,serie-a,europa,https://www.transfermarkt.co.uk/serie-a/startseite/wettbewerb/IT1,2,2016-10,Cagliari vs Palermo,,,,
11322,2897314,IT1,domestic_league,2017,22. Matchday,2018-01-27,862,506,0,2,0:2,13,2,Chievo Verona,Juventus,Rolando Maran,Massimiliano Allegri,Marcantonio Bentegodi,27000,Fabio Maresca,https://www.transfermarkt.co.uk/chievo-verona_juventus-fc/index/spielbericht/2897314,Serie A,domestic_league,first_tier,75,Italy,42.6384261,12.674297,IT1,serie-a,europa,https://www.transfermarkt.co.uk/serie-a/startseite/wettbewerb/IT1,2,2018-01,Chievo Verona vs Juventus,,,,
11323,2897308,IT1,domestic_league,2017,22. Matchday,2018-01-27,6574,800,0,3,0:3,14,8,Sassuolo,Atalanta,Giuseppe Iachini,Gian Piero Gasperini,Mapei Stadium - Città del Tricolore,8852,Paolo Valeri,https://www.transfermarkt.co.uk/us-sassuolo_atalanta-bc/index/spielbericht/2897308,Serie A,domestic_league,first_tier,75,Italy,42.6384261,12.674297,IT1,serie-a,europa,https://www.transfermarkt.co.uk/serie-a/startseite/wettbewerb/IT1,2,2018-01,Sassuolo vs Atalanta,,,,
