,club_id,name,pretty_name,domestic_competition_id,total_market_value,squad_size,average_age,foreigners_number,foreigners_percentage,national_team_players,stadium_name,stadium_seats,net_transfer_record,coach_name,url
0,1032,fc-reading,Fc Reading,GB1,33.66,26,25.9,12,46.2,6,Select Car Leasing Stadium,24161,+£8.37m,Brian McDermott,https://www.transfermarkt.co.uk/fc-reading/startseite/verein/1032
2,1387,acn-siena-1904,Acn Siena 1904,IT1,4.32,30,26.2,6,20.0,2,Artemio Franchi,15373,£-6Th.,Serse Cosmi,https://www.transfermarkt.co.uk/acn-siena-1904/startseite/verein/1387
3,1071,wigan-athletic,Wigan Athletic,GB1,12.38,29,26.5,14,48.3,6,DW Stadium,25133,£-140Th.,Roberto Martínez,https://www.transfermarkt.co.uk/wigan-athletic/startseite/verein/1071
5,142,real-saragossa,Real Saragossa,ES1,22.86,24,26.6,5,20.8,0,La Romareda,33068,+-0,Manolo Jiménez,https://www.transfermarkt.co.uk/real-saragossa/startseite/verein/142
9,23,eintracht-braunschweig,Eintracht Braunschweig,L1,6.48,27,24.9,3,11.1,0,EINTRACHT-Stadion,23325,+-0,Torsten Lieberknecht,https://www.transfermarkt.co.uk/eintracht-braunschweig/startseite/verein/23
13,1210,as-livorno,As Livorno,IT1,225.0,25,27.0,0,,0,Armando Picchi,19238,+-0,Davide Nicola,https://www.transfermarkt.co.uk/as-livorno/startseite/verein/1210
14,1627,catania-calcio,Catania Calcio,IT1,6.56,25,26.8,5,20.0,0,Cibali - Angelo Massimino,20016,+-0,Rolando Maran,https://www.transfermarkt.co.uk/catania-calcio/startseite/verein/1627
16,1423,fc-valenciennes,Fc Valenciennes,FR1,18.41,29,25.6,11,37.9,2,Stade du Hainaut,25000,+£1.35m,Daniel Sanchez,https://www.transfermarkt.co.uk/fc-valenciennes/startseite/verein/1423
17,750,fc-sochaux-montbeliard,Fc Sochaux Montbeliard,FR1,17.51,24,24.8,8,33.3,3,Stade Auguste-Bonal,20005,+£720Th.,Eric Hély,https://www.transfermarkt.co.uk/fc-sochaux-montbeliard/startseite/verein/750
22,1429,cesena-fc,Cesena Fc,IT1,6.82,29,24.9,4,13.8,1,Orogel Stadium - Dino Manuzzi,23860,+£90Th.,Pierpaolo Bisoli,https://www.transfermarkt.co.uk/cesena-fc/startseite/verein/1429
26,993,fc-cordoba,Fc Cordoba,ES1,2.99,24,26.6,2,8.3,0,Nuevo Arcángel,21822,+£270Th.,Albert Ferrer,https://www.transfermarkt.co.uk/fc-cordoba/startseite/verein/993
28,1039,queens-park-rangers,Queens Park Rangers,GB1,35.06,28,26.5,17,60.7,9,Kiyan Prince Foundation Stadium,18360,£-1.67m,Harry Redknapp,https://www.transfermarkt.co.uk/queens-park-rangers/startseite/verein/1039
30,14171,thonon-evian-grand-geneve-fc,Thonon Evian Grand Geneve Fc,FR1,1.6,20,26.4,4,20.0,1,Stade Joseph-Moynat,0,+-0,Pascal Dupraz,https://www.transfermarkt.co.uk/thonon-evian-grand-geneve-fc/startseite/verein/14171
34,3558,gfc-ajaccio,Gfc Ajaccio,FR1,585.0,22,23.9,2,9.1,0,Stade Ange-Casanova,4050,+-0,Thierry Laurey,https://www.transfermarkt.co.uk/gfc-ajaccio/startseite/verein/3558
38,4102,carpi-fc-1909,Carpi Fc 1909,IT1,1.24,31,22.8,6,19.4,0,Sandro Cabassi,5510,+£540Th.,Fabrizio Castori,https://www.transfermarkt.co.uk/carpi-fc-1909/startseite/verein/4102
47,105,sv-darmstadt-98,Sv Darmstadt 98,L1,15.37,27,24.8,7,25.9,2,Merck-Stadion am Böllenfalltor,17400,+£270Th.,Norbert Meier,https://www.transfermarkt.co.uk/sv-darmstadt-98/startseite/verein/105
50,4795,fc-ingolstadt-04,Fc Ingolstadt 04,L1,11.68,32,25.4,12,37.5,2,Audi Sportpark,15800,£-180Th.,Markus Kauczinski,https://www.transfermarkt.co.uk/fc-ingolstadt-04/startseite/verein/4795
54,2921,delfino-pescara-1936,Delfino Pescara 1936,IT1,5.38,28,24.5,6,21.4,1,Adriatico,20476,+£2.48m,Massimo Oddo,https://www.transfermarkt.co.uk/delfino-pescara-1936/startseite/verein/2921
56,458,palermo-fc,Palermo Fc,IT1,4.39,25,26.2,4,16.0,0,"Comunale Renzo Barbera ""La Favorita""",36365,+£1.89m,Davide Ballardini,https://www.transfermarkt.co.uk/palermo-fc/startseite/verein/458
57,289,afc-sunderland,Afc Sunderland,GB1,16.79,27,24.9,13,48.1,3,Stadium of Light,48707,£-216Th.,Sam Allardyce,https://www.transfermarkt.co.uk/afc-sunderland/startseite/verein/289
58,641,fc-middlesbrough,Fc Middlesbrough,GB1,48.96,26,26.3,9,34.6,5,Riverside Stadium,33746,£-11.30m,Aitor Karanka,https://www.transfermarkt.co.uk/fc-middlesbrough/startseite/verein/641
59,3008,hull-city,Hull City,GB1,19.08,27,24.6,6,22.2,3,KCOM Stadium,24983,£-720Th.,Steve Bruce,https://www.transfermarkt.co.uk/hull-city/startseite/verein/3008
60,1159,as-nancy-lorraine,As Nancy Lorraine,FR1,16.88,30,24.2,16,53.3,4,Stade Marcel-Picot,20087,+-0,Pablo Correa,https://www.transfermarkt.co.uk/as-nancy-lorraine/startseite/verein/1159
61,2448,sporting-gijon,Sporting Gijon,ES1,25.52,26,25.6,6,23.1,4,El Molinón - Enrique Castro Quini,30000,£-225Th.,Abelardo,https://www.transfermarkt.co.uk/sporting-gijon/startseite/verein/2448
62,595,sc-bastia,Sc Bastia,FR1,8.96,28,27.7,7,25.0,2,Stade Armand-Cesari,16480,+-0,François Ciccolini,https://www.transfermarkt.co.uk/sc-bastia/startseite/verein/595
63,41,hamburger-sv,Hamburger Sv,L1,32.9,26,24.0,9,34.6,1,Volksparkstadion,57000,+£4.28m,Markus Gisdol,https://www.transfermarkt.co.uk/hamburger-sv/startseite/verein/41
66,1084,fc-malaga,Fc Malaga,ES1,20.97,28,25.0,6,21.4,0,La Rosaleda,30044,+-0,Míchel,https://www.transfermarkt.co.uk/fc-malaga/startseite/verein/1084
75,897,deportivo-la-coruna,Deportivo La Coruna,ES1,6.95,24,26.2,3,12.5,0,Riazor,32912,+£1.53m,Pepe Mel,https://www.transfermarkt.co.uk/deportivo-la-coruna/startseite/verein/897
76,472,ud-las-palmas,Ud Las Palmas,ES1,20.7,27,25.9,6,22.2,1,Estadio de Gran Canaria,32400,+£1.30m,Manolo Márquez,https://www.transfermarkt.co.uk/ud-las-palmas/startseite/verein/472
77,512,stoke-city,Stoke City,GB1,53.55,29,26.1,14,48.3,7,bet365 Stadium,30089,+£8.42m,Mark Hughes,https://www.transfermarkt.co.uk/stoke-city/startseite/verein/512
78,2288,swansea-city,Swansea City,GB1,35.06,23,24.8,21,91.3,3,Liberty Stadium,21088,£-761Th.,Paul Clement,https://www.transfermarkt.co.uk/swansea-city/startseite/verein/2288
85,862,chievo-verona,Chievo Verona,IT1,,0,,0,,0,Marcantonio Bentegodi,31045,+£90Th.,Lorenzo D'Anna,https://www.transfermarkt.co.uk/chievo-verona/startseite/verein/862
86,8970,frosinone-calcio,Frosinone Calcio,IT1,16.94,30,24.8,11,36.7,1,Benito Stirpe,16227,+£6.49m,Moreno Longo,https://www.transfermarkt.co.uk/frosinone-calcio/startseite/verein/8970
91,855,ea-guingamp,Ea Guingamp,FR1,15.71,26,24.4,7,26.9,4,Stade du Roudourou,18120,+£1.18m,Antoine Kombouaré,https://www.transfermarkt.co.uk/ea-guingamp/startseite/verein/855
92,603,cardiff-city,Cardiff City,GB1,28.44,24,25.6,20,83.3,5,Cardiff City Stadium,33280,+£4.68m,Neil Warnock,https://www.transfermarkt.co.uk/cardiff-city/startseite/verein/603
93,1162,sm-caen,Sm Caen,FR1,18.14,25,26.1,9,36.0,2,Stade Michel-d'Ornano,20500,+£5.85m,Fabien Mercadal,https://www.transfermarkt.co.uk/sm-caen/startseite/verein/1162
94,1110,huddersfield-town,Huddersfield Town,GB1,33.89,27,26.1,10,37.0,2,John Smith's Stadium,24500,+£2.07m,David Wagner,https://www.transfermarkt.co.uk/huddersfield-town/startseite/verein/1110
96,42,hannover-96,Hannover 96,L1,18.79,24,26.9,8,33.3,1,HDI-Arena,49000,+£2.84m,André Breitenreiter,https://www.transfermarkt.co.uk/hannover-96/startseite/verein/42
97,4,1-fc-nurnberg,1 Fc Nurnberg,L1,22.93,28,25.3,5,17.9,1,Max-Morlock-Stadion,50000,+£1.58m,Michael Köllner,https://www.transfermarkt.co.uk/1-fc-nurnberg/startseite/verein/4
100,19,brescia-calcio,Brescia Calcio,IT1,32.4,29,25.6,14,48.3,3,Mario Rigamonti,19550,+£11.75m,Eugenio Corini,https://www.transfermarkt.co.uk/brescia-calcio/startseite/verein/19
101,2722,spal,Spal,IT1,23.78,32,25.9,9,28.1,2,Paolo Mazza,16134,+£9.50m,Leonardo Semplici,https://www.transfermarkt.co.uk/spal/startseite/verein/2722
106,1244,cd-leganes,Cd Leganes,ES1,32.85,28,27.5,8,28.6,3,Municipal de Butarque,12454,+£2.25m,Mauricio Pellegrino,https://www.transfermarkt.co.uk/cd-leganes/startseite/verein/1244
107,38,fortuna-dusseldorf,Fortuna Dusseldorf,L1,22.95,28,26.3,8,28.6,3,MERKUR SPIEL-ARENA,54600,£-1.64m,Friedhelm Funkel,https://www.transfermarkt.co.uk/fortuna-dusseldorf/startseite/verein/38
108,1416,amiens-sc,Amiens Sc,FR1,20.97,27,24.7,13,48.1,6,Stade Crédit Agricole la Licorne,12999,+£5.06m,Luka Elsner,https://www.transfermarkt.co.uk/amiens-sc/startseite/verein/1416
109,127,sc-paderborn-07,Sc Paderborn 07,L1,15.48,30,24.9,8,26.7,3,Benteler-Arena,15000,+£3.87m,Steffen Baumgart,https://www.transfermarkt.co.uk/sc-paderborn-07/startseite/verein/127
114,1160,nimes-olympique,Nimes Olympique,FR1,27.95,25,24.0,12,48.0,7,Stade des Costières,18364,+£5.22m,Jérôme Arpinon,https://www.transfermarkt.co.uk/nimes-olympique/startseite/verein/1160
120,4171,benevento-calcio,Benevento Calcio,IT1,27.05,28,26.1,8,28.6,3,Ciro Vigorito,16867,+£1.53m,Filippo Inzaghi,https://www.transfermarkt.co.uk/benevento-calcio/startseite/verein/4171
121,4083,fc-crotone,Fc Crotone,IT1,18.83,29,24.1,13,44.8,5,Ezio Scida,16640,+£6.30m,Giovanni Stroppa,https://www.transfermarkt.co.uk/fc-crotone/startseite/verein/4083
122,130,parma-calcio-1913,Parma Calcio 1913,IT1,51.84,35,25.3,24,68.6,3,Ennio Tardini,22352,£-19.06m,Roberto D'Aversa,https://www.transfermarkt.co.uk/parma-calcio-1913/startseite/verein/130
126,984,west-bromwich-albion,West Bromwich Albion,GB1,77.9,26,26.3,9,34.6,6,The Hawthorns,26850,+£11.20m,Slaven Bilic,https://www.transfermarkt.co.uk/west-bromwich-albion/startseite/verein/984
127,1533,sd-eibar,Sd Eibar,ES1,26.82,25,28.9,5,20.0,0,Ipurua,8164,£-3.69m,José Luis Mendilibar,https://www.transfermarkt.co.uk/sd-eibar/startseite/verein/1533
128,5358,sd-huesca,Sd Huesca,ES1,26.64,24,27.6,6,25.0,3,El Alcoraz,9128,+£4.14m,Míchel,https://www.transfermarkt.co.uk/sd-huesca/startseite/verein/5358
129,350,sheffield-united,Sheffield United,GB1,84.69,25,27.0,11,44.0,7,Bramall Lane,32702,+£25.20m,Chris Wilder,https://www.transfermarkt.co.uk/sheffield-united/startseite/verein/350
130,2969,dijon-fco,Dijon Fco,FR1,16.61,24,27.0,11,45.8,4,Stade Gaston-Gérard,16098,+£3.38m,Stéphane Jobard,https://www.transfermarkt.co.uk/dijon-fco/startseite/verein/2969
135,347,fc-metz,Fc Metz,FR1,70.16,31,25.5,18,58.1,7,Stade Saint-Symphorien,26700,+£17.10m,László Bölöni,https://www.transfermarkt.co.uk/fc-metz/startseite/verein/347
136,65,spvgg-greuther-furth,Spvgg Greuther Furth,L1,28.89,28,24.9,11,39.3,2,Sportpark Ronhof | Thomas Sommer,16626,+£1.94m,Stefan Leitl,https://www.transfermarkt.co.uk/spvgg-greuther-furth/startseite/verein/65
139,1132,fc-burnley,Fc Burnley,GB1,114.66,26,29.6,12,46.2,9,Turf Moor,21994,£-4.86m,Mike Jackson,https://www.transfermarkt.co.uk/fc-burnley/startseite/verein/1132
142,607,venezia-fc,Venezia Fc,IT1,64.78,30,26.8,21,70.0,10,Pier Luigi Penzo,11150,£-19.70m,Ivan Javorcic,https://www.transfermarkt.co.uk/venezia-fc/startseite/verein/607
146,1390,cagliari-calcio,Cagliari Calcio,IT1,95.9,27,26.3,12,44.4,6,Unipol Domus,16416,£-6.48m,Fabio Liverani,https://www.transfermarkt.co.uk/cagliari-calcio/startseite/verein/1390
147,252,genua-cfc,Genua Cfc,IT1,88.52,32,25.7,17,53.1,8,Luigi Ferraris,34901,£-18.36m,Alexander Blessin,https://www.transfermarkt.co.uk/genua-cfc/startseite/verein/252
151,1123,norwich-city,Norwich City,GB1,125.19,37,25.1,23,62.2,15,Carrow Road,27244,£-23.09m,Dean Smith,https://www.transfermarkt.co.uk/norwich-city/startseite/verein/1123
152,1010,fc-watford,Fc Watford,GB1,131.22,34,27.4,29,85.3,18,Vicarage Road,21577,£-27.59m,Roy Hodgson,https://www.transfermarkt.co.uk/fc-watford/startseite/verein/1010
153,1108,deportivo-alaves,Deportivo Alaves,ES1,51.66,26,27.2,7,26.9,2,Mendizorrotza,19840,+£2.12m,Luis García,https://www.transfermarkt.co.uk/deportivo-alaves/startseite/verein/1108
154,16795,fc-granada,Fc Granada,ES1,80.46,29,27.8,13,44.8,4,Nuevo Los Cármenes,19336,£-12.11m,Aitor Karanka,https://www.transfermarkt.co.uk/fc-granada/startseite/verein/16795
155,10,arminia-bielefeld,Arminia Bielefeld,L1,51.44,25,25.0,16,64.0,5,SchücoArena,26515,£-8.45m,Marco Kostmann,https://www.transfermarkt.co.uk/arminia-bielefeld/startseite/verein/10
159,3368,ud-levante,Ud Levante,ES1,66.51,28,28.5,9,32.1,4,Ciutat de València,25354,£-1.13m,Mehdi Nafti,https://www.transfermarkt.co.uk/ud-levante/startseite/verein/3368
167,40,fc-girondins-bordeaux,Fc Girondins Bordeaux,FR1,75.51,31,25.2,19,61.3,11,Matmut Atlantique,42052,+£7.47m,David Guion,https://www.transfermarkt.co.uk/fc-girondins-bordeaux/startseite/verein/40
168,618,as-saint-etienne,As Saint Etienne,FR1,86.67,29,25.3,15,51.7,8,Stade Geoffroy-Guichard,42000,£-540Th.,Laurent Batlles,https://www.transfermarkt.co.uk/as-saint-etienne/startseite/verein/618
173,1147,ac-ajaccio,Ac Ajaccio,FR1,,29,28.4,15,51.7,11,Stade François-Coty,10446,+€300k,Olivier Pantaloni,https://www.transfermarkt.co.uk/ac-ajaccio/startseite/verein/1147
174,290,aj-auxerre,Aj Auxerre,FR1,,31,26.5,14,45.2,8,Stade de l'Abbé-Deschamps,18541,€-3.75m,Christophe Pélissier,https://www.transfermarkt.co.uk/aj-auxerre/startseite/verein/290
175,1531,fc-elche,Fc Elche,ES1,,25,28.0,9,36.0,3,Manuel Martínez Valero,31388,€-7.46m,Sergio Mantecón,https://www.transfermarkt.co.uk/fc-elche/startseite/verein/1531
176,33,fc-schalke-04,Fc Schalke 04,L1,,28,26.9,14,50.0,4,Veltins-Arena,62271,+€8.07m,Thomas Reis,https://www.transfermarkt.co.uk/fc-schalke-04/startseite/verein/33
179,80,vfl-bochum,Vfl Bochum,L1,,29,27.4,17,58.6,7,Vonovia Ruhrstadion,26000,+€13.35m,Thomas Letsch,https://www.transfermarkt.co.uk/vfl-bochum/startseite/verein/80
185,989,afc-bournemouth,Afc Bournemouth,GB1,,27,26.2,13,48.1,9,Vitality Stadium,11329,€-26.90m,Gary O'Neil,https://www.transfermarkt.co.uk/afc-bournemouth/startseite/verein/989
187,3522,spezia-calcio,Spezia Calcio,IT1,,27,24.7,22,81.5,13,Alberto Picco,11512,€-1.70m,Luca Gotti,https://www.transfermarkt.co.uk/spezia-calcio/startseite/verein/3522
188,276,hellas-verona,Hellas Verona,IT1,,30,25.5,16,53.3,7,Marcantonio Bentegodi,39211,€-10.90m,Salvatore Bocchetti,https://www.transfermarkt.co.uk/hellas-verona/startseite/verein/276
190,380,us-salernitana-1919,Us Salernitana 1919,IT1,,30,25.9,18,60.0,8,Arechi,29739,€-23.38m,Davide Nicola,https://www.transfermarkt.co.uk/us-salernitana-1919/startseite/verein/380
191,1005,us-lecce,Us Lecce,IT1,,32,23.6,23,71.9,6,Ettore Giardiniero,31559,€-2.40m,Marco Baroni,https://www.transfermarkt.co.uk/us-lecce/startseite/verein/1005
193,410,udinese-calcio,Udinese Calcio,IT1,,27,25.2,22,81.5,6,Dacia Arena,25144,+€4.20m,Andrea Sottil,https://www.transfermarkt.co.uk/udinese-calcio/startseite/verein/410
194,6574,us-sassuolo,Us Sassuolo,IT1,,29,25.1,18,62.1,11,Mapei Stadium - Città del Tricolore,21584,+€25.60m,Alessio Dionisi,https://www.transfermarkt.co.uk/us-sassuolo/startseite/verein/6574
195,430,ac-florenz,Ac Florenz,IT1,,28,25.6,15,53.6,11,Artemio Franchi,47282,+€23.60m,Vincenzo Italiano,https://www.transfermarkt.co.uk/ac-florenz/startseite/verein/430
196,398,lazio-rom,Lazio Rom,IT1,,26,26.6,17,65.4,9,Olimpico di Roma,73261,€-3.57m,Maurizio Sarri,https://www.transfermarkt.co.uk/lazio-rom/startseite/verein/398
197,800,atalanta-bergamo,Atalanta Bergamo,IT1,,26,26.2,17,65.4,17,Gewiss Stadium,22512,€-17.29m,Gian Piero Gasperini,https://www.transfermarkt.co.uk/atalanta-bergamo/startseite/verein/800
198,12,as-rom,As Rom,IT1,,29,25.4,18,62.1,17,Olimpico di Roma,73261,+€41.35m,José Mourinho,https://www.transfermarkt.co.uk/as-rom/startseite/verein/12
199,506,juventus-turin,Juventus Turin,IT1,,27,26.9,16,59.3,18,Allianz Stadium,41507,+€2.28m,Massimiliano Allegri,https://www.transfermarkt.co.uk/juventus-turin/startseite/verein/506
200,1038,sampdoria-genua,Sampdoria Genua,IT1,,29,26.6,14,48.3,7,Luigi Ferraris,36348,+€22.00m,Dejan Stanković,https://www.transfermarkt.co.uk/sampdoria-genua/startseite/verein/1038
201,46,inter-mailand,Inter Mailand,IT1,,28,27.5,17,60.7,16,Giuseppe Meazza,75923,€-30.50m,Simone Inzaghi,https://www.transfermarkt.co.uk/inter-mailand/startseite/verein/46
202,416,fc-turin,Fc Turin,IT1,,28,24.1,22,78.6,18,Stadio Olimpico Grande Torino,28177,+€13.53m,Ivan Juric,https://www.transfermarkt.co.uk/fc-turin/startseite/verein/416
203,6195,ssc-neapel,Ssc Neapel,IT1,,27,25.6,18,66.7,18,Stadio Diego Armando Maradona,54726,+€12.90m,Luciano Spalletti,https://www.transfermarkt.co.uk/ssc-neapel/startseite/verein/6195
204,749,fc-empoli,Fc Empoli,IT1,,30,24.4,17,56.7,10,Carlo Castellani,19847,+€15.12m,Paolo Zanetti,https://www.transfermarkt.co.uk/fc-empoli/startseite/verein/749
205,2239,us-cremonese,Us Cremonese,IT1,,31,25.1,17,54.8,7,Giovanni Zini,16003,€-26.30m,Massimiliano Alvini,https://www.transfermarkt.co.uk/us-cremonese/startseite/verein/2239
219,1025,fc-bologna,Fc Bologna,IT1,,30,24.9,20,66.7,11,Stadio Renato Dall’Ara,36462,+€10.23m,Thiago Motta,https://www.transfermarkt.co.uk/fc-bologna/startseite/verein/1025
222,5,ac-mailand,Ac Mailand,IT1,,31,26.2,25,80.6,19,Giuseppe Meazza,75923,€-35.15m,Stefano Pioli,https://www.transfermarkt.co.uk/ac-mailand/startseite/verein/5
229,399,leeds-united,Leeds United,GB1,,26,25.3,19,73.1,10,Elland Road,37890,+€8.66m,Jesse Marsch,https://www.transfermarkt.co.uk/leeds-united/startseite/verein/399
231,873,crystal-palace,Crystal Palace,GB1,,24,27.0,13,54.2,8,Selhurst Park,26047,€-29.15m,Patrick Vieira,https://www.transfermarkt.co.uk/crystal-palace/startseite/verein/873
233,1237,brighton-amp-hove-albion,Brighton Amp Hove Albion,GB1,,23,25.0,16,69.6,12,AMEX Stadium,31800,+€68.17m,Roberto De Zerbi,https://www.transfermarkt.co.uk/brighton-amp-hove-albion/startseite/verein/1237
234,180,fc-southampton,Fc Southampton,GB1,,24,25.0,16,66.7,11,St Mary's Stadium,32384,€-79.40m,Nathan Jones,https://www.transfermarkt.co.uk/fc-southampton/startseite/verein/180
235,543,wolverhampton-wanderers,Wolverhampton Wanderers,GB1,,24,25.7,23,95.8,12,Molineux Stadium,32050,€-76.80m,Steve Davis,https://www.transfermarkt.co.uk/wolverhampton-wanderers/startseite/verein/543
236,931,fc-fulham,Fc Fulham,GB1,,24,27.6,20,83.3,13,Craven Cottage,22384,€-40.50m,Marco Silva,https://www.transfermarkt.co.uk/fc-fulham/startseite/verein/931
237,1003,leicester-city,Leicester City,GB1,,26,27.3,17,65.4,16,King Power Stadium,32273,+€64.40m,Brendan Rodgers,https://www.transfermarkt.co.uk/leicester-city/startseite/verein/1003
238,2919,ac-monza,Ac Monza,IT1,,37,26.5,10,27.0,6,U-Power Stadium - Brianteo,15039,€-23.90m,Raffaele Palladino,https://www.transfermarkt.co.uk/ac-monza/startseite/verein/2919
239,762,newcastle-united,Newcastle United,GB1,,28,27.6,16,57.1,11,St James' Park,52338,€-134.05m,Eddie Howe,https://www.transfermarkt.co.uk/newcastle-united/startseite/verein/762
241,148,tottenham-hotspur,Tottenham Hotspur,GB1,,25,26.2,17,68.0,18,Tottenham Hotspur Stadium,62062,€-131.15m,Antonio Conte,https://www.transfermarkt.co.uk/tottenham-hotspur/startseite/verein/148
242,11,fc-arsenal,Fc Arsenal,GB1,,23,24.5,16,69.6,18,Emirates Stadium,60704,€-108.26m,Mikel Arteta,https://www.transfermarkt.co.uk/fc-arsenal/startseite/verein/11
243,405,aston-villa,Aston Villa,GB1,,26,27.2,17,65.4,14,Villa Park,42682,€-28.00m,Unai Emery,https://www.transfermarkt.co.uk/aston-villa/startseite/verein/405
244,631,fc-chelsea,Fc Chelsea,GB1,,25,26.6,16,64.0,17,Stamford Bridge,40853,€-225.46m,Graham Potter,https://www.transfermarkt.co.uk/fc-chelsea/startseite/verein/631
245,31,fc-liverpool,Fc Liverpool,GB1,,27,26.8,19,70.4,16,Anfield,54074,€-14.60m,Jürgen Klopp,https://www.transfermarkt.co.uk/fc-liverpool/startseite/verein/31
246,281,manchester-city,Manchester City,GB1,,23,27.3,16,69.6,18,Etihad Stadium,55017,+€20.40m,Pep Guardiola,https://www.transfermarkt.co.uk/manchester-city/startseite/verein/281
247,985,manchester-united,Manchester United,GB1,,30,26.1,19,63.3,19,Old Trafford,74879,€-227.07m,Erik ten Hag,https://www.transfermarkt.co.uk/manchester-united/startseite/verein/985
252,1148,fc-brentford,Fc Brentford,GB1,,24,25.8,18,75.0,13,Brentford Community Stadium,17250,€-46.90m,Thomas Frank,https://www.transfermarkt.co.uk/fc-brentford/startseite/verein/1148
257,379,west-ham-united,West Ham United,GB1,,24,27.8,18,75.0,15,London Stadium,60000,€-164.20m,David Moyes,https://www.transfermarkt.co.uk/west-ham-united/startseite/verein/379
280,703,nottingham-forest,Nottingham Forest,GB1,,32,26.3,20,62.5,15,The City Ground,30445,€-154.95m,Steve Cooper,https://www.transfermarkt.co.uk/nottingham-forest/startseite/verein/703
284,29,fc-everton,Fc Everton,GB1,,27,27.6,13,48.1,11,Goodison Park,39571,€-20.20m,Frank Lampard,https://www.transfermarkt.co.uk/fc-everton/startseite/verein/29
287,3,1-fc-koln,1 Fc Koln,L1,,30,24.9,11,36.7,7,RheinEnergieSTADION,50000,+€5.52m,Steffen Baumgart,https://www.transfermarkt.co.uk/1-fc-koln/startseite/verein/3
288,167,fc-augsburg,Fc Augsburg,L1,,29,26.2,14,48.3,7,WWK ARENA,30660,€-6.10m,Enrico Maaßen,https://www.transfermarkt.co.uk/fc-augsburg/startseite/verein/167
289,44,hertha-bsc,Hertha Bsc,L1,,32,25.3,19,59.4,8,Olympiastadion Berlin,74667,+€17.65m,Sandro Schwarz,https://www.transfermarkt.co.uk/hertha-bsc/startseite/verein/44
291,89,1-fc-union-berlin,1 Fc Union Berlin,L1,,29,26.6,13,44.8,8,Stadion An der Alten Försterei,22012,+€10.92m,Urs Fischer,https://www.transfermarkt.co.uk/1-fc-union-berlin/startseite/verein/89
292,79,vfb-stuttgart,Vfb Stuttgart,L1,,27,22.9,14,51.9,6,Mercedes-Benz Arena,60449,+€25.65m,Michael Wimmer,https://www.transfermarkt.co.uk/vfb-stuttgart/startseite/verein/79
294,60,sc-freiburg,Sc Freiburg,L1,,28,25.5,11,39.3,10,Europa-Park Stadion,34700,+€4.43m,Christian Streich,https://www.transfermarkt.co.uk/sc-freiburg/startseite/verein/60
297,24,eintracht-frankfurt,Eintracht Frankfurt,L1,,30,24.8,19,63.3,10,Deutsche Bank Park,51500,€-6.60m,Oliver Glasner,https://www.transfermarkt.co.uk/eintracht-frankfurt/startseite/verein/24
298,15,bayer-04-leverkusen,Bayer 04 Leverkusen,L1,,28,24.5,20,71.4,12,BayArena,30210,€-4.50m,Xabi Alonso,https://www.transfermarkt.co.uk/bayer-04-leverkusen/startseite/verein/15
299,86,sv-werder-bremen,Sv Werder Bremen,L1,,28,24.5,10,35.7,7,Wohninvest-Weserstadion,42100,€-2.15m,Ole Werner,https://www.transfermarkt.co.uk/sv-werder-bremen/startseite/verein/86
300,16,borussia-dortmund,Borussia Dortmund,L1,,32,24.4,16,50.0,14,SIGNAL IDUNA PARK,81365,€-12.10m,Edin Terzic,https://www.transfermarkt.co.uk/borussia-dortmund/startseite/verein/16
301,27,fc-bayern-munchen,Fc Bayern Munchen,L1,,24,25.6,14,58.3,20,Allianz Arena,75024,€-33.40m,Julian Nagelsmann,https://www.transfermarkt.co.uk/fc-bayern-munchen/startseite/verein/27
302,366,real-valladolid,Real Valladolid,ES1,,25,27.7,10,40.0,3,Nuevo José Zorrilla,27618,€-4.00m,Pacheta,https://www.transfermarkt.co.uk/real-valladolid/startseite/verein/366
303,2687,fc-cadiz,Fc Cadiz,ES1,,27,28.6,9,33.3,6,Nuevo Mirandilla,21094,€-6.90m,Sergio,https://www.transfermarkt.co.uk/fc-cadiz/startseite/verein/2687
305,23826,rasenballsport-leipzig,Rasenballsport Leipzig,L1,,26,25.3,17,65.4,18,Red Bull Arena,47069,+€16.12m,Marco Rose,https://www.transfermarkt.co.uk/rasenballsport-leipzig/startseite/verein/23826
306,714,espanyol-barcelona,Espanyol Barcelona,ES1,,23,25.7,6,26.1,3,RCDE Stadium,40500,+€7.40m,Diego Martínez,https://www.transfermarkt.co.uk/espanyol-barcelona/startseite/verein/714
307,367,rayo-vallecano,Rayo Vallecano,ES1,,27,28.2,10,37.0,7,Campo de Fútbol de Vallecas,15105,€-11.30m,Andoni Iraola,https://www.transfermarkt.co.uk/rayo-vallecano/startseite/verein/367
308,237,rcd-mallorca,Rcd Mallorca,ES1,,25,27.8,15,60.0,9,Visit Mallorca Estadi,20500,€-9.70m,Javier Aguirre,https://www.transfermarkt.co.uk/rcd-mallorca/startseite/verein/237
309,82,vfl-wolfsburg,Vfl Wolfsburg,L1,,28,24.7,16,57.1,11,Volkswagen Arena,30000,€-13.05m,Niko Kovac,https://www.transfermarkt.co.uk/vfl-wolfsburg/startseite/verein/82
310,533,tsg-1899-hoffenheim,Tsg 1899 Hoffenheim,L1,,28,25.5,14,50.0,8,PreZero Arena,30150,+€14.70m,André Breitenreiter,https://www.transfermarkt.co.uk/tsg-1899-hoffenheim/startseite/verein/533
311,3709,fc-getafe,Fc Getafe,ES1,,24,27.3,12,50.0,9,Coliseum Alfonso Pérez,16800,€-750k,Quique Sánchez Flores,https://www.transfermarkt.co.uk/fc-getafe/startseite/verein/3709
312,3302,ud-almeria,Ud Almeria,ES1,,28,25.4,13,46.4,2,Power Horse Stadium,15274,€-17.00m,Rubi,https://www.transfermarkt.co.uk/ud-almeria/startseite/verein/3302
313,18,borussia-monchengladbach,Borussia Monchengladbach,L1,,28,25.5,15,53.6,11,Stadion im Borussia-Park,54042,€-1.00m,Daniel Farke,https://www.transfermarkt.co.uk/borussia-monchengladbach/startseite/verein/18
314,1049,fc-valencia,Fc Valencia,ES1,,25,24.5,14,56.0,9,Mestalla,48600,+€42.10m,Gennaro Gattuso,https://www.transfermarkt.co.uk/fc-valencia/startseite/verein/1049
315,150,real-betis-sevilla,Real Betis Sevilla,ES1,,27,28.5,12,44.4,10,Benito Villamarín,59378,€-16.75m,Manuel Pellegrini,https://www.transfermarkt.co.uk/real-betis-sevilla/startseite/verein/150
316,1050,fc-villarreal,Fc Villarreal,ES1,,25,28.0,11,44.0,10,La Cerámica,23500,+€14.12m,Quique Setién,https://www.transfermarkt.co.uk/fc-villarreal/startseite/verein/1050
317,681,real-sociedad-san-sebastian,Real Sociedad San Sebastian,ES1,,27,24.8,5,18.5,5,Reale Arena,39313,+€27.50m,Imanol Alguacil,https://www.transfermarkt.co.uk/real-sociedad-san-sebastian/startseite/verein/681
318,13,atletico-madrid,Atletico Madrid,ES1,,22,27.9,16,72.7,17,Civitas Metropolitano,68456,€-19.55m,Diego Simeone,https://www.transfermarkt.co.uk/atletico-madrid/startseite/verein/13
319,12321,fc-girona,Fc Girona,ES1,,26,26.0,9,34.6,1,Municipal de Montilivi,13286,€-4.50m,Míchel,https://www.transfermarkt.co.uk/fc-girona/startseite/verein/12321
320,940,celta-vigo,Celta Vigo,ES1,,22,26.0,9,40.9,4,Abanca Balaídos,29000,€-4.00m,Carlos Carvalhal,https://www.transfermarkt.co.uk/celta-vigo/startseite/verein/940
326,131,fc-barcelona,Fc Barcelona,ES1,,25,25.4,10,40.0,19,Spotify Camp Nou,99354,€-118.00m,Xavi,https://www.transfermarkt.co.uk/fc-barcelona/startseite/verein/131
328,418,real-madrid,Real Madrid,ES1,,23,27.4,16,69.6,16,Santiago Bernabéu,81044,+€12.15m,Carlo Ancelotti,https://www.transfermarkt.co.uk/real-madrid/startseite/verein/418
330,39,1-fsv-mainz-05,1 Fsv Mainz 05,L1,,27,24.4,12,44.4,7,Mewa Arena,33305,+€8.45m,Bo Svensson,https://www.transfermarkt.co.uk/1-fsv-mainz-05/startseite/verein/39
331,368,fc-sevilla,Fc Sevilla,ES1,,26,28.2,18,69.2,12,Ramón Sánchez-Pizjuán,43883,+€63.50m,Jorge Sampaoli,https://www.transfermarkt.co.uk/fc-sevilla/startseite/verein/368
332,331,ca-osasuna,Ca Osasuna,ES1,,24,27.6,5,20.8,2,El Sadar,23576,€-2.00m,Jagoba Arrasate,https://www.transfermarkt.co.uk/ca-osasuna/startseite/verein/331
339,3524,clermont-foot-63,Clermont Foot 63,FR1,,26,26.0,16,61.5,9,Stade Gabriel-Montpied,13000,+€19.10m,Pascal Gastien,https://www.transfermarkt.co.uk/clermont-foot-63/startseite/verein/3524
340,621,athletic-bilbao,Athletic Bilbao,ES1,,25,27.3,1,4.0,4,San Mamés,53289,+-0,Ernesto Valverde,https://www.transfermarkt.co.uk/athletic-bilbao/startseite/verein/621
343,3911,stade-brest-29,Stade Brest 29,FR1,,24,25.1,10,41.7,5,Stade Francis-Le Blé,15097,€-5.35m,Bruno Grougi,https://www.transfermarkt.co.uk/stade-brest-29/startseite/verein/3911
344,1095,es-troyes-ac,Es Troyes Ac,FR1,,29,25.0,16,55.2,5,Stade de l'Aube,21877,€-7.50m,Claude Robin,https://www.transfermarkt.co.uk/es-troyes-ac/startseite/verein/1095
346,667,rc-strassburg-alsace,Rc Strassburg Alsace,FR1,,25,26.4,9,36.0,6,Stade de la Meinau,29000,€-3.50m,Julien Stéphan,https://www.transfermarkt.co.uk/rc-strassburg-alsace/startseite/verein/667
347,995,fc-nantes,Fc Nantes,FR1,,28,25.8,10,35.7,7,Stade de la Beaujoire,37463,€-10.65m,Antoine Kombouaré,https://www.transfermarkt.co.uk/fc-nantes/startseite/verein/995
348,969,montpellier-hsc,Montpellier Hsc,FR1,,28,25.0,10,35.7,6,Stade de la Mosson,32939,€-1.00m,Romain Pitau,https://www.transfermarkt.co.uk/montpellier-hsc/startseite/verein/969
350,1420,sco-angers,Sco Angers,FR1,,33,24.5,16,48.5,9,Stade Raymond Kopa,19350,+€17.00m,Gérald Baticle,https://www.transfermarkt.co.uk/sco-angers/startseite/verein/1420
351,417,ogc-nizza,Ogc Nizza,FR1,,28,25.0,18,64.3,9,Allianz Riviera,36178,€-37.00m,Lucien Favre,https://www.transfermarkt.co.uk/ogc-nizza/startseite/verein/417
352,244,olympique-marseille,Olympique Marseille,FR1,,27,24.7,18,66.7,15,Orange Vélodrome,67394,€-59.93m,Igor Tudor,https://www.transfermarkt.co.uk/olympique-marseille/startseite/verein/244
353,415,fc-toulouse,Fc Toulouse,FR1,,26,24.0,21,80.8,6,Stadium Municipal,33150,+€600k,Philippe Montanier,https://www.transfermarkt.co.uk/fc-toulouse/startseite/verein/415
354,273,fc-stade-rennes,Fc Stade Rennes,FR1,,29,23.7,12,41.4,12,Roazhon Park,29778,€-6.00m,Bruno Génésio,https://www.transfermarkt.co.uk/fc-stade-rennes/startseite/verein/273
355,162,as-monaco,As Monaco,FR1,,28,23.7,28,100.0,11,Stade Louis-II,18523,+€73.50m,Philippe Clement,https://www.transfermarkt.co.uk/as-monaco/startseite/verein/162
356,1421,stade-reims,Stade Reims,FR1,,27,24.1,18,66.7,8,Stade Auguste-Delaune,21684,+€11.90m,Will Still,https://www.transfermarkt.co.uk/stade-reims/startseite/verein/1421
357,1041,olympique-lyon,Olympique Lyon,FR1,,27,25.0,9,33.3,3,Groupama Stadium,59186,+€36.90m,Laurent Blanc,https://www.transfermarkt.co.uk/olympique-lyon/startseite/verein/1041
360,826,rc-lens,Rc Lens,FR1,,25,25.4,16,64.0,11,Stade Bollaert-Delelis,38223,+€19.94m,Franck Haise,https://www.transfermarkt.co.uk/rc-lens/startseite/verein/826
365,1082,losc-lille,Losc Lille,FR1,,25,24.9,16,64.0,9,Decathlon Arena-Stade Pierre-Mauroy,50186,+€73.50m,Paulo Fonseca,https://www.transfermarkt.co.uk/losc-lille/startseite/verein/1082
367,583,fc-paris-saint-germain,Fc Paris Saint Germain,FR1,,28,25.4,18,64.3,15,Parc des Princes,49691,€-93.20m,Christophe Galtier,https://www.transfermarkt.co.uk/fc-paris-saint-germain/startseite/verein/583
383,1158,fc-lorient,Fc Lorient,FR1,,27,24.1,13,48.1,8,Stade du Moustoir,19010,+€8.45m,Régis Le Bris,https://www.transfermarkt.co.uk/fc-lorient/startseite/verein/1158
